_ID_,_VAL_
2.0,83407.6796875
3.0,1244.894775390625
4.0,0.0
6.0,183496.96875
7.0,1162822.875
8.0,115134.703125
12.0,0.0
13.0,0.0
15.0,3971.520751953125
16.0,0.0
17.0,0.0
18.0,0.0
19.0,0.0
26.0,0.0
27.0,0.0
30.0,58319.56640625
33.0,0.0
34.0,19409.890625
36.0,0.0
37.0,0.0
40.0,6000.125
43.0,0.0
44.0,0.0
45.0,0.0
47.0,0.0
51.0,72226.5078125
53.0,0.0
57.0,0.0
60.0,43924.71484375
62.0,74218.609375
64.0,0.0
65.0,7286.42578125
66.0,419595.25
67.0,97469.7421875
71.0,6207.5263671875
72.0,302296.34375
75.0,0.0
80.0,19431.30078125
83.0,15707.8974609375
86.0,1078827.25
87.0,0.0
92.0,2448.180419921875
95.0,0.0
97.0,0.0
99.0,29107.533203125
101.0,239249.484375
102.0,0.0
105.0,541721.875
110.0,0.0
111.0,6323.5634765625
112.0,0.0
115.0,0.0
116.0,0.0
118.0,186085.59375
120.0,0.0
121.0,1519.8468017578125
123.0,0.0
125.0,0.0
127.0,13836.8505859375
128.0,0.0
131.0,0.0
133.0,5563.57568359375
135.0,4261.591796875
140.0,0.0
145.0,0.0
146.0,0.0
147.0,20441.048828125
150.0,0.0
151.0,3395.6005859375
155.0,0.0
156.0,2956.08447265625
158.0,4738.1025390625
159.0,0.0
161.0,0.0
164.0,23512.6015625
165.0,0.0
167.0,0.0
170.0,147318.8125
171.0,0.0
172.0,0.0
173.0,0.0
174.0,0.0
175.0,0.0
176.0,0.0
179.0,0.0
182.0,0.0
185.0,71179.53125
188.0,0.0
189.0,0.0
191.0,48612.265625
192.0,0.0
193.0,0.0
194.0,0.0
195.0,387085.5625
197.0,0.0
199.0,0.0
201.0,0.0
202.0,0.0
203.0,25930.005859375
208.0,130134.5546875
209.0,1170.5030517578125
210.0,0.0
212.0,42515.890625
213.0,477364.34375
214.0,0.0
218.0,0.0
220.0,0.0
222.0,0.0
223.0,0.0
226.0,143390.90625
231.0,1815.4393310546875
232.0,0.0
233.0,150325.1875
234.0,461199.34375
236.0,0.0
238.0,0.0
240.0,0.0
244.0,16444.630859375
245.0,0.0
246.0,0.0
248.0,0.0
251.0,0.0
257.0,0.0
258.0,0.0
260.0,1214.976806640625
261.0,0.0
263.0,0.0
264.0,0.0
266.0,0.0
268.0,0.0
270.0,0.0
271.0,0.0
275.0,43230.01953125
276.0,0.0
280.0,96320.9453125
282.0,2562.844482421875
283.0,0.0
284.0,1318.621337890625
286.0,0.0
287.0,45712.33984375
288.0,0.0
289.0,22211.626953125
290.0,18580.623046875
291.0,2465.92236328125
292.0,350202.8125
293.0,0.0
298.0,2733.1142578125
303.0,0.0
306.0,0.0
309.0,0.0
311.0,1283.900146484375
316.0,0.0
317.0,0.0
318.0,0.0
319.0,7449.29541015625
320.0,151112.140625
321.0,2018.7523193359375
323.0,0.0
324.0,0.0
326.0,6469.904296875
327.0,0.0
330.0,0.0
332.0,225445.90625
334.0,0.0
336.0,1370.035400390625
337.0,0.0
338.0,3976.983642578125
339.0,25537.3828125
342.0,0.0
344.0,291451.15625
345.0,106309.9296875
348.0,166393.0
350.0,0.0
352.0,0.0
353.0,23344.1953125
355.0,0.0
360.0,91090.5625
361.0,0.0
362.0,9751.7412109375
365.0,31147.41015625
367.0,144265.609375
371.0,0.0
372.0,28390.15234375
374.0,0.0
379.0,2799.27734375
381.0,2624.048583984375
383.0,10991.1474609375
384.0,0.0
385.0,6370.9130859375
387.0,0.0
389.0,0.0
391.0,0.0
397.0,224720.59375
398.0,4274.79931640625
400.0,0.0
403.0,0.0
404.0,20064.904296875
405.0,10166.5283203125
407.0,39018.2265625
408.0,8302.2919921875
409.0,1148.062744140625
411.0,2835.2626953125
413.0,15528.955078125
414.0,1395.6766357421875
415.0,2883.01708984375
418.0,28462.916015625
423.0,0.0
425.0,0.0
426.0,0.0
431.0,0.0
433.0,0.0
434.0,0.0
439.0,1131.3836669921875
445.0,0.0
446.0,6247.99072265625
447.0,0.0
451.0,0.0
453.0,2052206.625
457.0,19842.310546875
463.0,29717.734375
465.0,32189.478515625
467.0,4970.04296875
468.0,15473.146484375
469.0,9004.087890625
470.0,0.0
474.0,0.0
475.0,16340.5556640625
478.0,971362.5625
479.0,1959.864990234375
482.0,172227.390625
487.0,0.0
488.0,17714.498046875
489.0,0.0
491.0,0.0
492.0,69708.8359375
493.0,7133.720703125
495.0,4235.7470703125
496.0,0.0
497.0,17698.7421875
499.0,2823.980224609375
501.0,0.0
502.0,7217.71923828125
503.0,4012.915771484375
507.0,0.0
508.0,20090.390625
510.0,0.0
511.0,214188.25
514.0,2347.906982421875
515.0,283840.8125
516.0,2907.769287109375
519.0,7862.85888671875
524.0,3851.899658203125
526.0,16617.173828125
527.0,538231.0
530.0,0.0
533.0,89989.578125
535.0,216761.21875
537.0,15537.9482421875
538.0,0.0
540.0,4883.71826171875
541.0,109270.734375
550.0,22528.01171875
551.0,34398.0625
552.0,0.0
557.0,123197.46875
559.0,209355.90625
560.0,25450.5078125
565.0,0.0
566.0,0.0
567.0,2910.836181640625
571.0,0.0
572.0,635274.8125
575.0,197038.078125
576.0,377235.1875
577.0,100753.96875
580.0,1438.682861328125
583.0,10569.056640625
584.0,127284.4609375
587.0,0.0
588.0,0.0
589.0,0.0
590.0,9511.384765625
591.0,25790.830078125
592.0,9301.7236328125
593.0,26210.9375
597.0,16944.775390625
598.0,0.0
599.0,1726.567626953125
602.0,0.0
603.0,122471.9921875
604.0,0.0
605.0,0.0
606.0,0.0
608.0,125772.15625
613.0,0.0
615.0,114539.1484375
616.0,0.0
617.0,1068.5545654296875
619.0,0.0
620.0,15527.193359375
621.0,135815.8125
623.0,23680.32421875
627.0,0.0
628.0,29107.255859375
629.0,0.0
630.0,60142.9765625
631.0,65878.8359375
633.0,0.0
634.0,35799.55859375
639.0,0.0
640.0,3644.2021484375
644.0,0.0
647.0,0.0
648.0,1618.903564453125
651.0,0.0
656.0,3779.179931640625
657.0,134545.0625
658.0,0.0
659.0,0.0
660.0,0.0
661.0,209917.296875
662.0,363143.125
664.0,1489.122314453125
666.0,62419.96484375
668.0,78585.96875
673.0,2555.9208984375
674.0,0.0
675.0,0.0
678.0,255121.5
683.0,0.0
684.0,49259.28515625
685.0,0.0
686.0,0.0
687.0,0.0
689.0,23587.955078125
694.0,183325.90625
705.0,8519.197265625
706.0,78318.34375
709.0,5698.138671875
711.0,25557.921875
712.0,3493.31494140625
713.0,0.0
720.0,0.0
723.0,17561.90625
725.0,0.0
727.0,242302.96875
733.0,10870.21484375
734.0,0.0
737.0,3466.01611328125
738.0,0.0
739.0,6224.9287109375
741.0,31215.8671875
742.0,5255.2646484375
746.0,0.0
747.0,0.0
748.0,0.0
752.0,6995.56884765625
755.0,0.0
758.0,0.0
760.0,51552.6875
761.0,39908.69921875
762.0,64750.91796875
764.0,0.0
766.0,0.0
768.0,181083.5
769.0,5400.6435546875
770.0,19163.77734375
774.0,0.0
775.0,138786.21875
776.0,0.0
778.0,286546.46875
779.0,0.0
781.0,0.0
782.0,368484.5625
783.0,0.0
784.0,0.0
785.0,0.0
788.0,0.0
790.0,289537.09375
792.0,55399.88671875
793.0,97480.34375
795.0,11765.2060546875
796.0,0.0
797.0,718307.5
798.0,28726.5703125
800.0,134513.234375
801.0,7234.0810546875
803.0,1946.4803466796875
805.0,63153.0546875
806.0,24919.9375
807.0,6758.0322265625
810.0,121665.9375
813.0,1060611.625
816.0,10160.470703125
818.0,2299.95556640625
821.0,163850.65625
822.0,7505.8525390625
824.0,0.0
825.0,38819.16796875
827.0,29721.474609375
829.0,0.0
831.0,317668.25
832.0,0.0
833.0,0.0
835.0,229002.734375
837.0,220001.140625
838.0,68854.390625
841.0,0.0
843.0,0.0
844.0,0.0
845.0,18884.85546875
846.0,0.0
848.0,357344.375
849.0,0.0
852.0,25219.806640625
853.0,1783.916259765625
854.0,9582.078125
855.0,31969.01953125
856.0,0.0
860.0,11266.7021484375
862.0,7728.119140625
863.0,32434.09375
864.0,1556.0693359375
867.0,2139.182373046875
868.0,1853.17236328125
869.0,0.0
872.0,3584.520751953125
874.0,0.0
875.0,0.0
877.0,162240.0625
879.0,103799.3125
880.0,0.0
881.0,5362.8720703125
882.0,16491.71875
883.0,47750.71875
888.0,0.0
891.0,25939.033203125
892.0,68329.890625
893.0,71559.734375
894.0,347401.0
895.0,0.0
897.0,1632.8819580078125
898.0,0.0
899.0,31256.083984375
900.0,61322.6015625
904.0,444163.0
908.0,195700.203125
909.0,6743.66650390625
910.0,99304.6328125
915.0,91140.1875
916.0,1022.869140625
917.0,2799.463134765625
919.0,71458.6640625
920.0,0.0
922.0,52212.94140625
923.0,0.0
924.0,80088.2890625
928.0,355834.4375
930.0,0.0
931.0,0.0
933.0,0.0
935.0,132123.140625
936.0,13163.009765625
938.0,0.0
940.0,64714.4921875
942.0,234499.8125
943.0,117868.4453125
945.0,0.0
947.0,0.0
949.0,1340.3594970703125
950.0,0.0
952.0,3270.9287109375
953.0,250758.609375
957.0,0.0
958.0,3874.23486328125
962.0,0.0
963.0,498725.40625
964.0,4132.5263671875
965.0,0.0
969.0,10535.2509765625
970.0,0.0
971.0,0.0
972.0,1811.208740234375
974.0,7652.7587890625
977.0,61182.0546875
979.0,0.0
980.0,9704.458984375
981.0,0.0
982.0,14555.2724609375
983.0,16253.0185546875
984.0,0.0
986.0,0.0
987.0,0.0
988.0,1885.4046630859375
989.0,0.0
990.0,0.0
991.0,11097.451171875
992.0,18763.724609375
993.0,42054.26953125
994.0,2360.96044921875
996.0,335716.0
998.0,18694.40234375
999.0,10520.8115234375
1003.0,443083.75
1008.0,0.0
1009.0,8323.748046875
1011.0,197229.46875
1015.0,17470.208984375
1017.0,0.0
1018.0,18422.662109375
1019.0,12660.7578125
1021.0,1434.4083251953125
1022.0,0.0
1023.0,0.0
1025.0,67042.7734375
1027.0,8387.0234375
1028.0,0.0
1030.0,45783.109375
1031.0,24062.24609375
1033.0,2268.828125
1034.0,0.0
1036.0,3655.20751953125
1038.0,0.0
1043.0,100926.203125
1044.0,3374.87451171875
1045.0,120580.6953125
1046.0,0.0
1049.0,0.0
1051.0,67652.9453125
1059.0,33834.6015625
1060.0,17094.794921875
1062.0,9994.8154296875
1063.0,282851.28125
1064.0,412736.78125
1067.0,4374.919921875
1069.0,6179.78955078125
1071.0,15340.138671875
1072.0,37374.0625
1073.0,53968.7109375
1074.0,4025544.0
1075.0,45727.6875
1078.0,1959.1527099609375
1080.0,1052.72509765625
1081.0,291579.59375
1082.0,0.0
1083.0,0.0
1084.0,1407.002197265625
1087.0,0.0
1088.0,506777.34375
1089.0,0.0
1091.0,0.0
1092.0,1770.3865966796875
1093.0,2196.470458984375
1094.0,0.0
1097.0,245878.0
1099.0,39595.25
1102.0,4596.58154296875
1111.0,0.0
1112.0,192815.578125
1114.0,247998.890625
1115.0,0.0
1118.0,0.0
1119.0,43893.3046875
1120.0,880817.8125
1121.0,0.0
1123.0,32593.6328125
1124.0,0.0
1126.0,25562.50390625
1127.0,0.0
1131.0,0.0
1134.0,34137.7578125
1136.0,13561.8017578125
1137.0,1985.7396240234375
1138.0,0.0
1140.0,29861.34765625
1146.0,147303.78125
1148.0,0.0
1150.0,2359.421142578125
1152.0,44844.328125
1155.0,729022.4375
1156.0,0.0
1157.0,7907.66064453125
1161.0,48689.0078125
1163.0,29765.47265625
1165.0,3187.818359375
1166.0,6079.99169921875
1168.0,148166.734375
1169.0,0.0
1170.0,46282.2578125
1171.0,0.0
1174.0,1297.080078125
1178.0,0.0
1179.0,0.0
1182.0,2899.4423828125
1183.0,0.0
1184.0,66919.359375
1185.0,6428.2236328125
1187.0,0.0
1188.0,0.0
1189.0,0.0
1190.0,3172893.25
1191.0,0.0
1192.0,0.0
1193.0,1881.3585205078125
1196.0,0.0
1198.0,0.0
1200.0,15583.77734375
1202.0,150463.4375
1208.0,83509.875
1209.0,106510.5625
1210.0,1523.9241943359375
1212.0,14419.3955078125
1215.0,1876.922607421875
1222.0,99251.421875
1224.0,40223.32421875
1226.0,127707.9609375
1227.0,29271.4453125
1228.0,21291.03515625
1229.0,0.0
1230.0,76012.3046875
1232.0,3953.935546875
1239.0,12018.9423828125
1241.0,2548.591552734375
1242.0,18538.779296875
1243.0,15958.2587890625
1245.0,80131.1484375
1247.0,0.0
1249.0,58683.10546875
1254.0,4611.4560546875
1258.0,1714517.5
1259.0,320732.75
1264.0,36529.69140625
1268.0,69078.4140625
1269.0,0.0
1273.0,0.0
1275.0,6110.0771484375
1276.0,10885.6328125
1277.0,76600.671875
1279.0,9013.4111328125
1280.0,94919.5390625
1281.0,16563.9296875
1282.0,22033.0703125
1285.0,160669.21875
1291.0,0.0
1292.0,55367.5078125
1293.0,0.0
1294.0,29289.51171875
1296.0,11613.89453125
1298.0,48825.94921875
1301.0,15556.5419921875
1305.0,1364.471435546875
1306.0,0.0
1307.0,96090.8359375
1308.0,18309.787109375
1310.0,36408.515625
1311.0,3974.1923828125
1313.0,490925.03125
1319.0,0.0
1322.0,12996.5234375
1323.0,12194.2060546875
1325.0,2634.16455078125
1327.0,7192.5322265625
1331.0,0.0
1334.0,15439.064453125
1335.0,10312.5498046875
1336.0,5363.271484375
1338.0,2106963.0
1341.0,19671.015625
1342.0,0.0
1343.0,4258.625
1344.0,20788.24609375
1345.0,79853.765625
1347.0,0.0
1349.0,0.0
1350.0,0.0
1351.0,0.0
1353.0,3755.6259765625
1354.0,98251.453125
1356.0,0.0
1358.0,260816.125
1359.0,7358.40380859375
1361.0,0.0
1364.0,0.0
1366.0,0.0
1372.0,1622.96240234375
1375.0,23468.400390625
1376.0,0.0
1380.0,0.0
1381.0,0.0
1382.0,1632.5462646484375
1383.0,11203.7578125
1384.0,0.0
1385.0,0.0
1386.0,0.0
1387.0,0.0
1389.0,0.0
1391.0,0.0
1392.0,129240.34375
1394.0,0.0
1395.0,135754.9375
1400.0,0.0
1402.0,491153.5625
1404.0,51427.515625
1405.0,19527.888671875
1409.0,27896.30078125
1414.0,4280.02197265625
1418.0,233228.984375
1419.0,23684.435546875
1423.0,0.0
1425.0,2470.58251953125
1426.0,23690.12890625
1427.0,0.0
1428.0,0.0
1429.0,3329.99951171875
1431.0,0.0
1432.0,1275.1636962890625
1433.0,0.0
1435.0,0.0
1437.0,50041.46484375
1438.0,2134.7294921875
1440.0,7100.8095703125
1444.0,0.0
1445.0,33122.9375
1446.0,0.0
1447.0,0.0
1450.0,0.0
1453.0,1494.480224609375
1455.0,0.0
1456.0,290129.4375
1457.0,0.0
1458.0,3598.5712890625
1459.0,0.0
1461.0,20762.765625
1462.0,1512.7802734375
1463.0,5481.564453125
1464.0,0.0
1465.0,50910.1953125
1466.0,0.0
1467.0,0.0
1470.0,1031827.25
1471.0,1696.3902587890625
1474.0,0.0
1476.0,0.0
1483.0,2784.94140625
1485.0,0.0
1487.0,0.0
1488.0,1367.3836669921875
1489.0,9031.2412109375
1490.0,30113.62109375
1492.0,159193.71875
1493.0,0.0
1497.0,1343.0748291015625
1498.0,0.0
1499.0,24382.02734375
1500.0,0.0
1502.0,0.0
1503.0,0.0
1504.0,1150.9237060546875
1505.0,0.0
1506.0,0.0
1507.0,118150.0234375
1508.0,24832.7265625
1509.0,0.0
1511.0,315366.0
1512.0,2829.492431640625
1513.0,0.0
1516.0,0.0
1519.0,28654.224609375
1520.0,3986.996337890625
1522.0,35057.4609375
1526.0,234698.265625
1527.0,0.0
1528.0,4587.15576171875
1530.0,47940.5390625
1532.0,5177.34765625
1533.0,291053.9375
1534.0,142600.21875
1535.0,518487.59375
1537.0,7818.5791015625
1540.0,0.0
1541.0,42251.578125
1542.0,1323.070068359375
1543.0,99289.671875
1548.0,0.0
1549.0,91830.921875
1551.0,0.0
1554.0,108989.2109375
1556.0,6086.4609375
1557.0,216265.234375
1558.0,12132.8486328125
1560.0,34876.046875
1561.0,312256.5625
1562.0,0.0
1563.0,11680.3671875
1567.0,1081111.625
1568.0,0.0
1569.0,0.0
1571.0,6073.7548828125
1573.0,0.0
1575.0,0.0
1577.0,0.0
1579.0,13521.1708984375
1580.0,0.0
1582.0,1826.568603515625
1584.0,179678.90625
1586.0,2144.305419921875
1587.0,2947.622314453125
1588.0,14852.224609375
1589.0,0.0
1590.0,0.0
1593.0,206235.1875
1597.0,74740.8203125
1598.0,204225.890625
1599.0,84179.6328125
1601.0,263455.53125
1604.0,0.0
1605.0,81532.578125
1606.0,146213.90625
1607.0,4094.55078125
1614.0,62399.84765625
1615.0,15463.0556640625
1616.0,0.0
1623.0,54349.21875
1624.0,0.0
1627.0,0.0
1629.0,0.0
1630.0,0.0
1632.0,1094486.75
1633.0,0.0
1634.0,0.0
1635.0,95843.7265625
1638.0,43868.69921875
1641.0,2816.222412109375
1642.0,27338.3046875
1643.0,5288.84130859375
1644.0,263016.21875
1648.0,4483.84716796875
1650.0,7582.76025390625
1651.0,0.0
1654.0,0.0
1655.0,155940.8125
1656.0,0.0
1657.0,167640.0
1658.0,1324.431884765625
1659.0,0.0
1660.0,0.0
1664.0,40714.25
1667.0,0.0
1670.0,10202.64453125
1672.0,3524.531982421875
1674.0,1346.6011962890625
1675.0,1182.5496826171875
1676.0,1197630.375
1677.0,0.0
1680.0,363837.125
1684.0,0.0
1685.0,87163.3125
1687.0,57471.375
1688.0,0.0
1689.0,0.0
1690.0,0.0
1691.0,161949.125
1692.0,0.0
1693.0,0.0
1694.0,3494.414794921875
1696.0,17687.94140625
1701.0,0.0
1702.0,0.0
1705.0,0.0
1706.0,0.0
1707.0,11253.1708984375
1708.0,0.0
1709.0,312289.3125
1713.0,0.0
1714.0,108116.90625
1715.0,20050.94140625
1716.0,116367.0859375
1717.0,360507.875
1719.0,10642.5546875
1721.0,995381.6875
1723.0,2302.354248046875
1725.0,688021.625
1726.0,4493.56640625
1727.0,20212.89453125
1728.0,0.0
1729.0,144672.75
1731.0,1596.222412109375
1732.0,0.0
1733.0,0.0
1734.0,0.0
1735.0,0.0
1737.0,567415.5
1738.0,14966.5361328125
1741.0,82705.015625
1742.0,1184.2598876953125
1743.0,4264.3935546875
1745.0,2372.68115234375
1746.0,2275.02978515625
1747.0,521450.96875
1748.0,0.0
1749.0,244444.078125
1750.0,15942.8037109375
1752.0,151828.78125
1754.0,0.0
1757.0,6265.1298828125
1759.0,0.0
1761.0,12584.3359375
1762.0,0.0
1763.0,0.0
1766.0,0.0
1767.0,315203.34375
1771.0,0.0
1773.0,52177.69921875
1774.0,4257.09814453125
1775.0,24894.568359375
1776.0,0.0
1779.0,13914.48046875
1780.0,4368.2646484375
1783.0,109078.84375
1784.0,64194.953125
1788.0,25386.4140625
1789.0,25195.71875
1790.0,84805.5703125
1791.0,0.0
1792.0,0.0
1795.0,141409.28125
1796.0,4555.125
1797.0,0.0
1801.0,55571.44140625
1802.0,8171.1611328125
1803.0,7792.80419921875
1805.0,0.0
1807.0,0.0
1808.0,220888.328125
1810.0,11299.44921875
1811.0,3720.36083984375
1815.0,688420.625
1817.0,15419.787109375
1821.0,10567.0810546875
1822.0,0.0
1825.0,211910.625
1826.0,32945.4375
1827.0,0.0
1829.0,5684.23095703125
1835.0,10869.13671875
1840.0,432743.75
1841.0,295160.4375
1843.0,210065.09375
1844.0,0.0
1845.0,0.0
1855.0,1942864.125
1857.0,0.0
1860.0,0.0
1861.0,0.0
1863.0,9267.0283203125
1864.0,0.0
1866.0,7108.96875
1867.0,1897.588134765625
1869.0,91959.84375
1872.0,159505.25
1874.0,0.0
1878.0,0.0
1881.0,0.0
1883.0,47796.234375
1886.0,0.0
1888.0,0.0
1889.0,0.0
1891.0,3696.453857421875
1892.0,1846.95751953125
1893.0,0.0
1894.0,0.0
1896.0,0.0
1897.0,0.0
1899.0,7902.4580078125
1900.0,6711.166015625
1901.0,7005.51806640625
1903.0,292082.78125
1904.0,0.0
1908.0,23466.1171875
1911.0,20628.90234375
1913.0,0.0
1914.0,53318.37890625
1916.0,93240.515625
1917.0,185875.59375
1923.0,0.0
1924.0,0.0
1925.0,11830.017578125
1926.0,0.0
1927.0,0.0
1928.0,2921.44677734375
1929.0,37039.203125
1930.0,85184.765625
1932.0,0.0
1935.0,123196.6484375
1937.0,77431.296875
1938.0,3248.5576171875
1940.0,0.0
1941.0,5894.24267578125
1942.0,195348.53125
1943.0,12525.5302734375
1945.0,109350.484375
1948.0,0.0
1950.0,10826.986328125
1952.0,2219.986083984375
1953.0,167819.0
1954.0,118101.46875
1956.0,6143.462890625
1963.0,35129.88671875
1964.0,16987.494140625
1965.0,4107.48779296875
1966.0,334172.84375
1967.0,24718.9296875
1968.0,92694.09375
1969.0,5249.60302734375
1970.0,0.0
1971.0,5196.00927734375
1977.0,3516.18994140625
1979.0,1008.1156005859375
1980.0,0.0
1982.0,0.0
1983.0,0.0
1985.0,66262.5078125
1986.0,6453.8359375
1987.0,12489.837890625
1992.0,9118.330078125
1994.0,0.0
1995.0,0.0
1996.0,209924.90625
1999.0,0.0
2002.0,2471.688232421875
2003.0,0.0
2008.0,158808.859375
2009.0,0.0
2010.0,689478.5
2015.0,120560.0
2016.0,16715.294921875
2022.0,17630.2578125
2024.0,604419.875
2025.0,28947.328125
2028.0,3511610.75
2029.0,150920.015625
2032.0,11604.92578125
2033.0,0.0
2034.0,45795.07421875
2035.0,0.0
2036.0,45598.0
2037.0,0.0
2039.0,730744.5
2041.0,3307.97900390625
2042.0,0.0
2048.0,0.0
2049.0,0.0
2050.0,1576.685546875
2051.0,1416.597900390625
2053.0,0.0
2054.0,3406.644775390625
2057.0,179793.578125
2058.0,0.0
2059.0,17360.3203125
2060.0,32580.859375
2061.0,0.0
2067.0,433680.34375
2069.0,0.0
2070.0,98706.953125
2074.0,44568.1328125
2075.0,3726.6015625
2077.0,104171.5
2079.0,12914.3310546875
2081.0,0.0
2082.0,1211.6190185546875
2084.0,418145.5625
2088.0,370112.375
2090.0,3908.198486328125
2091.0,0.0
2092.0,2097.28125
2094.0,368833.3125
2095.0,0.0
2097.0,0.0
2099.0,2344.96875
2104.0,0.0
2105.0,0.0
2108.0,3406.852783203125
2109.0,0.0
2110.0,34952.03125
2111.0,1761160.375
2117.0,38818.7265625
2118.0,70668.71875
2120.0,37805.2890625
2122.0,581475.5625
2124.0,86626.640625
2130.0,15209.0859375
2132.0,57320.51953125
2133.0,262332.5625
2134.0,43580.21875
2136.0,0.0
2138.0,0.0
2139.0,29085.611328125
2141.0,75058.1171875
2144.0,45166.109375
2146.0,0.0
2147.0,335723.375
2151.0,2849.212158203125
2152.0,339569.03125
2153.0,98509.65625
2154.0,3748.16748046875
2156.0,0.0
2159.0,0.0
2161.0,0.0
2162.0,0.0
2164.0,0.0
2165.0,36357.9921875
2167.0,550458.5
2169.0,9642.044921875
2170.0,68404.875
2171.0,1744.140869140625
2172.0,23432.52734375
2173.0,1091.5531005859375
2178.0,0.0
2180.0,60205.64453125
2181.0,162115.09375
2182.0,26457.921875
2183.0,0.0
2184.0,1442.999267578125
2185.0,9298.060546875
2186.0,0.0
2187.0,0.0
2189.0,0.0
2194.0,1048.3883056640625
2195.0,20652.83984375
2197.0,0.0
2198.0,297649.375
2200.0,93899.1640625
2202.0,623705.0
2203.0,0.0
2204.0,1958.072509765625
2205.0,537435.9375
2206.0,27581.59765625
2207.0,20559.6484375
2211.0,136400.953125
2213.0,2440.228515625
2214.0,0.0
2218.0,5465.197265625
2219.0,0.0
2220.0,0.0
2221.0,57072.1640625
2222.0,89912.7109375
2225.0,3551.72900390625
2232.0,9110.4541015625
2236.0,820704.0
2239.0,51864.84375
2240.0,50616.81640625
2242.0,0.0
2243.0,72032.046875
2245.0,0.0
2246.0,34831.5078125
2247.0,8913.046875
2248.0,537789.1875
2251.0,1874588.25
2252.0,0.0
2255.0,0.0
2256.0,65017.37109375
2259.0,26026.65625
2262.0,3737.0
2263.0,364727.1875
2264.0,91728.2578125
2266.0,0.0
2269.0,10899.3671875
2270.0,0.0
2271.0,147034.15625
2272.0,0.0
2273.0,2001.874755859375
2274.0,3965.807861328125
2280.0,0.0
2281.0,120037.421875
2286.0,0.0
2287.0,0.0
2288.0,0.0
2289.0,1191.20751953125
2290.0,21685.36328125
2295.0,0.0
2296.0,16492.28515625
2300.0,8559.6767578125
2301.0,10150.232421875
2303.0,74101.84375
2304.0,7249.56005859375
2307.0,1124.5576171875
2310.0,0.0
2311.0,6333.45703125
2314.0,82563.796875
2317.0,0.0
2318.0,0.0
2319.0,0.0
2321.0,192952.625
2324.0,0.0
2325.0,599235.4375
2326.0,6509.7685546875
2327.0,4491.1923828125
2328.0,37666.5546875
2329.0,236780.75
2330.0,1304.8682861328125
2335.0,9452.87109375
2336.0,481995.625
2341.0,105805.921875
2342.0,0.0
2343.0,2007.861328125
2347.0,1263.953125
2349.0,0.0
2350.0,1399.1607666015625
2352.0,0.0
2354.0,0.0
2355.0,74490.0546875
2361.0,6933.06201171875
2363.0,64416.9609375
2365.0,131966.734375
2367.0,0.0
2368.0,114417.9609375
2375.0,402890.5
2376.0,0.0
2379.0,0.0
2382.0,3491.6591796875
2384.0,0.0
2386.0,3422.857421875
2388.0,468052.6875
2389.0,0.0
2391.0,5356.849609375
2394.0,0.0
2395.0,0.0
2397.0,2543.1533203125
2398.0,39805.4609375
2399.0,24856.041015625
2402.0,0.0
2405.0,0.0
2408.0,2591.765380859375
2411.0,0.0
2417.0,0.0
2420.0,0.0
2421.0,75600.7265625
2423.0,115019.46875
2425.0,0.0
2426.0,9475.8359375
2429.0,0.0
2431.0,2687.563720703125
2435.0,0.0
2437.0,43151.140625
2439.0,0.0
2441.0,56796.6015625
2443.0,0.0
2447.0,9695.974609375
2450.0,2411.498779296875
2451.0,0.0
2455.0,0.0
2456.0,73328.6015625
2459.0,4348.55810546875
2460.0,0.0
2461.0,0.0
2463.0,114020.59375
2465.0,0.0
2466.0,0.0
2470.0,0.0
2472.0,0.0
2478.0,9802.24609375
2481.0,841303.375
2482.0,389495.46875
2485.0,146706.953125
2488.0,16749.396484375
2489.0,15045.8095703125
2492.0,177977.21875
2495.0,0.0
2497.0,3819.397705078125
2499.0,97139.75
2500.0,5690.26318359375
2502.0,0.0
2503.0,26916.552734375
2505.0,24801.814453125
2510.0,0.0
2511.0,0.0
2512.0,0.0
2513.0,0.0
2514.0,5034.88916015625
2515.0,1539.3685302734375
2516.0,44778.2578125
2520.0,0.0
2522.0,0.0
2526.0,0.0
2531.0,128115.640625
2534.0,43702.29296875
2535.0,0.0
2537.0,18436.830078125
2539.0,35385.9765625
2542.0,1031.5826416015625
2544.0,19258.28125
2546.0,503538.0
2550.0,0.0
2552.0,8868.189453125
2553.0,0.0
2554.0,98768.828125
2555.0,0.0
2557.0,36597.79296875
2558.0,4024.40087890625
2559.0,22230.53125
2562.0,26478.544921875
2563.0,176105.3125
2564.0,636247.9375
2565.0,11977.5517578125
2566.0,0.0
2567.0,18003.328125
2568.0,97351.203125
2569.0,28661.359375
2571.0,50444.296875
2573.0,10510.169921875
2574.0,0.0
2575.0,558340.5
2576.0,0.0
2578.0,0.0
2582.0,1123.9368896484375
2583.0,0.0
2585.0,14875.658203125
2588.0,0.0
2590.0,0.0
2591.0,0.0
2593.0,10794.8359375
2594.0,67620.2421875
2599.0,1551.368408203125
2603.0,0.0
2606.0,467495.0625
2607.0,38447.4453125
2608.0,182730.15625
2610.0,0.0
2612.0,0.0
2613.0,199006.625
2618.0,44518.4296875
2619.0,0.0
2623.0,601988.8125
2624.0,2012.81591796875
2626.0,0.0
2627.0,62407.05078125
2628.0,71881.484375
2630.0,0.0
2631.0,0.0
2634.0,0.0
2638.0,87656.7265625
2639.0,64020.5859375
2640.0,240028.34375
2641.0,156912.421875
2642.0,0.0
2644.0,207742.921875
2645.0,0.0
2648.0,0.0
2649.0,0.0
2651.0,1184.66064453125
2653.0,0.0
2654.0,21155.1171875
2656.0,6396.79150390625
2658.0,0.0
2659.0,25065.6953125
2660.0,10814.13671875
2662.0,35221.703125
2663.0,9740.1875
2667.0,12533.8837890625
2668.0,73659.921875
2669.0,41556.5
2671.0,2195.7119140625
2672.0,1373417.5
2677.0,266832.46875
2680.0,1237.6956787109375
2681.0,0.0
2684.0,0.0
2685.0,62389.078125
2687.0,72437.4609375
2692.0,0.0
2697.0,92641.25
2698.0,4098.927734375
2706.0,296915.65625
2707.0,0.0
2708.0,23717.890625
2711.0,17853.408203125
2712.0,1985.6126708984375
2716.0,0.0
2717.0,231985.390625
2720.0,0.0
2723.0,0.0
2728.0,0.0
2731.0,615872.125
2732.0,0.0
2734.0,0.0
2740.0,0.0
2742.0,322077.125
2744.0,3111.26513671875
2748.0,53565.9296875
2750.0,49006.0703125
2751.0,11242.271484375
2755.0,15870.076171875
2757.0,103304.3515625
2761.0,0.0
2762.0,170637.765625
2764.0,23656.51171875
2766.0,24323.4765625
2768.0,19864.95703125
2769.0,39753.7109375
2773.0,21475.513671875
2775.0,171097.46875
2779.0,12547.7578125
2782.0,3071.429443359375
2785.0,0.0
2786.0,1288.0240478515625
2788.0,13981.3662109375
2789.0,61978.33984375
2790.0,2867.21826171875
2791.0,49663.7265625
2792.0,0.0
2794.0,2431.030029296875
2795.0,112820.59375
2796.0,87959.3671875
2797.0,0.0
2798.0,2130.936279296875
2799.0,0.0
2800.0,155595.28125
2801.0,0.0
2805.0,0.0
2807.0,19135.212890625
2810.0,44249.13671875
2814.0,47298.75
2815.0,0.0
2819.0,1119.919921875
2821.0,1524.1641845703125
2822.0,0.0
2824.0,78275.78125
2830.0,0.0
2831.0,0.0
2833.0,6688.74169921875
2834.0,9471.28125
2835.0,1018.2352905273438
2836.0,5891.814453125
2837.0,5200.17431640625
2839.0,0.0
2842.0,7492.7490234375
2844.0,1939.0941162109375
2845.0,0.0
2848.0,107790.1328125
2849.0,6521.2412109375
2852.0,205276.234375
2858.0,0.0
2859.0,0.0
2860.0,5676.40185546875
2861.0,561136.0625
2862.0,40401.2890625
2867.0,0.0
2868.0,3276.10302734375
2869.0,182981.625
2870.0,87541.4375
2872.0,8062.34521484375
2873.0,83606.3046875
2877.0,69238.15625
2880.0,0.0
2881.0,0.0
2882.0,0.0
2885.0,0.0
2888.0,0.0
2891.0,3584.192626953125
2893.0,0.0
2895.0,0.0
2896.0,0.0
2898.0,0.0
2901.0,0.0
2903.0,0.0
2904.0,0.0
2905.0,0.0
2909.0,1797.4061279296875
2917.0,38231.2421875
2918.0,57692.13671875
2920.0,0.0
2921.0,59412.3515625
2924.0,12111.505859375
2925.0,5421.1337890625
2928.0,5094.13916015625
2930.0,200154.734375
2932.0,3795.63671875
2933.0,34470.93359375
2936.0,0.0
2938.0,0.0
2940.0,0.0
2941.0,0.0
2943.0,0.0
2948.0,0.0
2950.0,0.0
2951.0,1134.0045166015625
2953.0,0.0
2955.0,0.0
2957.0,1250.0889892578125
2959.0,10948.41796875
2960.0,0.0
2961.0,7728.84912109375
2965.0,10444.1787109375
2969.0,0.0
2970.0,0.0
2971.0,2578.7265625
2973.0,17353.533203125
2974.0,0.0
2978.0,0.0
2979.0,0.0
2981.0,0.0
2983.0,0.0
2984.0,21003.314453125
2985.0,94385.0625
2986.0,1335.68505859375
2987.0,0.0
2988.0,112585.1015625
2989.0,3768.545654296875
2991.0,0.0
2992.0,59617.93359375
2994.0,0.0
2998.0,0.0
2999.0,14066.486328125
3000.0,93087.4296875
3001.0,0.0
3003.0,0.0
3004.0,0.0
3006.0,0.0
3007.0,0.0
3011.0,5432.4697265625
3012.0,0.0
3014.0,0.0
3017.0,13490.01171875
3018.0,714085.75
3021.0,0.0
3023.0,0.0
3026.0,0.0
3028.0,0.0
3029.0,0.0
3031.0,1551.626708984375
3035.0,0.0
3036.0,159616.484375
3037.0,8346.6123046875
3038.0,36677.21484375
3041.0,0.0
3042.0,0.0
3044.0,4155.25537109375
3046.0,0.0
3049.0,0.0
3050.0,1680.17626953125
3052.0,7213.41064453125
3053.0,1526.86328125
3054.0,10324.900390625
3056.0,0.0
3058.0,1130.5870361328125
3059.0,0.0
3060.0,0.0
3063.0,0.0
3067.0,0.0
3068.0,0.0
3073.0,1108270.375
3076.0,0.0
3077.0,77050.3125
3078.0,17242.439453125
3080.0,7571.86181640625
3081.0,1311.9913330078125
3083.0,21310.49609375
3084.0,24682.556640625
3085.0,0.0
3090.0,51426.2421875
3091.0,32049.88671875
3093.0,0.0
3095.0,0.0
3098.0,0.0
3099.0,0.0
3101.0,3326.424560546875
3102.0,0.0
3104.0,0.0
3107.0,11135.3232421875
3109.0,5647.4384765625
3110.0,0.0
3113.0,166684.9375
3117.0,51265.671875
3119.0,0.0
3124.0,0.0
3125.0,0.0
3126.0,0.0
3128.0,0.0
3133.0,0.0
3136.0,537256.5625
3137.0,126547.34375
3138.0,0.0
3139.0,0.0
3140.0,0.0
3141.0,0.0
3145.0,0.0
3147.0,8711.9111328125
3149.0,14447.86328125
3150.0,0.0
3151.0,5701.9609375
3152.0,45930.92578125
3153.0,0.0
3154.0,0.0
3156.0,22249.025390625
3158.0,0.0
3160.0,0.0
3161.0,0.0
3165.0,0.0
3166.0,0.0
3169.0,12037.8251953125
3170.0,45883.90625
3173.0,0.0
3175.0,0.0
3176.0,1076.2274169921875
3177.0,0.0
3178.0,0.0
3179.0,0.0
3180.0,121766.4609375
3181.0,6075.1162109375
3183.0,27103.72265625
3185.0,4156.8056640625
3186.0,0.0
3187.0,0.0
3190.0,0.0
3196.0,27361.2578125
3199.0,5459.2841796875
3203.0,0.0
3204.0,1396.442138671875
3208.0,0.0
3209.0,0.0
3210.0,0.0
3211.0,6705.63134765625
3213.0,70026.0078125
3215.0,15753.671875
3216.0,2826.579833984375
3218.0,45449.8671875
3219.0,6233.5556640625
3220.0,18936.3828125
3222.0,0.0
3223.0,9200.6328125
3225.0,15127.66796875
3227.0,1688.2657470703125
3229.0,0.0
3232.0,1361.497802734375
3233.0,0.0
3234.0,310291.40625
3235.0,0.0
3237.0,0.0
3238.0,0.0
3240.0,1330.581787109375
3241.0,0.0
3242.0,15312.423828125
3244.0,0.0
3245.0,4553.3740234375
3246.0,104158.1875
3247.0,0.0
3249.0,34896.77734375
3250.0,0.0
3253.0,47767.5234375
3254.0,126425.2734375
3256.0,2838.867919921875
3261.0,12587.97265625
3263.0,0.0
3265.0,2131.36328125
3266.0,0.0
3269.0,0.0
3273.0,2645.16845703125
3274.0,129476.84375
3277.0,0.0
3278.0,0.0
3279.0,0.0
3283.0,0.0
3286.0,0.0
3287.0,20468.671875
3289.0,0.0
3296.0,4019.052734375
3297.0,53872.34375
3305.0,21826.49609375
3306.0,1555.5718994140625
3307.0,0.0
3308.0,3384.398193359375
3310.0,0.0
3312.0,0.0
3314.0,0.0
3315.0,0.0
3316.0,0.0
3318.0,1732.093994140625
3325.0,27797.982421875
3326.0,21497.03125
3327.0,0.0
3328.0,0.0
3329.0,91802.203125
3330.0,0.0
3332.0,0.0
3333.0,0.0
3334.0,1093.426025390625
3337.0,0.0
3342.0,0.0
3343.0,0.0
3344.0,1747.9454345703125
3347.0,0.0
3348.0,0.0
3350.0,0.0
3354.0,0.0
3356.0,9446.876953125
3357.0,0.0
3359.0,0.0
3360.0,1440.194091796875
3361.0,3103.22314453125
3363.0,14476.71875
3367.0,0.0
3368.0,0.0
3370.0,0.0
3371.0,35037.171875
3372.0,60952.99609375
3375.0,0.0
3378.0,0.0
3380.0,0.0
3383.0,0.0
3384.0,0.0
3385.0,0.0
3386.0,0.0
3388.0,0.0
3391.0,2142.105224609375
3394.0,8783.2041015625
3396.0,0.0
3398.0,0.0
3400.0,1502.7742919921875
3401.0,0.0
3402.0,0.0
3405.0,2137.177978515625
3406.0,0.0
3407.0,0.0
3410.0,0.0
3412.0,0.0
3413.0,0.0
3414.0,0.0
3417.0,0.0
3418.0,0.0
3422.0,0.0
3425.0,0.0
3426.0,827782.375
3434.0,2644.58935546875
3439.0,0.0
3440.0,0.0
3441.0,6107.443359375
3442.0,0.0
3444.0,0.0
3445.0,0.0
3449.0,0.0
3451.0,0.0
3452.0,0.0
3454.0,0.0
3455.0,0.0
3457.0,71906.9921875
3459.0,0.0
3460.0,0.0
3461.0,12363.3203125
3462.0,0.0
3463.0,0.0
3464.0,0.0
3465.0,0.0
3468.0,0.0
3470.0,0.0
3472.0,20468.4765625
3473.0,0.0
3475.0,0.0
3476.0,36707.73046875
3479.0,0.0
3480.0,0.0
3482.0,0.0
3484.0,12561.5517578125
3485.0,0.0
3486.0,0.0
3489.0,0.0
3490.0,211909.8125
3491.0,0.0
3495.0,1022.2703247070312
3496.0,0.0
3498.0,0.0
3501.0,6033.158203125
3504.0,60108.0546875
3512.0,0.0
3514.0,0.0
3515.0,0.0
3516.0,0.0
3517.0,4993.06982421875
3518.0,0.0
3520.0,0.0
3521.0,137975.0
3525.0,80508.3984375
3528.0,2508.7216796875
3530.0,310313.875
3531.0,0.0
3536.0,0.0
3537.0,0.0
3538.0,0.0
3542.0,0.0
3544.0,0.0
3545.0,0.0
3547.0,0.0
3549.0,0.0
3550.0,0.0
3557.0,0.0
3558.0,28298.486328125
3559.0,0.0
3563.0,0.0
3564.0,0.0
3566.0,0.0
3568.0,2116.433349609375
3570.0,10033.966796875
3573.0,87678.71875
3575.0,17971.318359375
3577.0,172684.28125
3579.0,0.0
3580.0,0.0
3581.0,279577.8125
3582.0,0.0
3584.0,3117.421142578125
3587.0,0.0
3589.0,0.0
3592.0,0.0
3594.0,9975.634765625
3598.0,0.0
3599.0,0.0
3602.0,0.0
3603.0,0.0
3604.0,0.0
3605.0,0.0
3607.0,0.0
3608.0,0.0
3609.0,0.0
3611.0,1622.124755859375
3614.0,0.0
3615.0,11986.95703125
3616.0,0.0
3617.0,0.0
3619.0,0.0
3623.0,0.0
3625.0,0.0
3626.0,1613.51953125
3629.0,0.0
3630.0,19476.126953125
3631.0,0.0
3632.0,0.0
3634.0,0.0
3636.0,0.0
3637.0,9959.6923828125
3639.0,0.0
3640.0,6513.4453125
3641.0,0.0
3643.0,0.0
3644.0,0.0
3645.0,0.0
3646.0,0.0
3648.0,52425.55078125
3649.0,1305.835693359375
3651.0,0.0
3654.0,5188.40185546875
3655.0,1026.9534912109375
3658.0,2331.42529296875
3659.0,0.0
3660.0,0.0
3661.0,0.0
3662.0,0.0
3664.0,0.0
3666.0,0.0
3669.0,0.0
3670.0,0.0
3671.0,0.0
3673.0,64412.16796875
3675.0,3539.43115234375
3677.0,0.0
3678.0,0.0
3679.0,0.0
3680.0,0.0
3682.0,0.0
3683.0,13225.4013671875
3684.0,0.0
3687.0,0.0
3689.0,9352.296875
3691.0,1985.7623291015625
3693.0,0.0
3695.0,0.0
3698.0,1432.85400390625
3699.0,0.0
3700.0,0.0
3701.0,3295.13818359375
3702.0,12902.9052734375
3705.0,33563.12890625
3706.0,0.0
3708.0,0.0
3709.0,0.0
3710.0,0.0
3712.0,0.0
3713.0,0.0
3714.0,0.0
3718.0,0.0
3721.0,0.0
3722.0,0.0
3725.0,0.0
3728.0,0.0
3730.0,6538.5869140625
3732.0,0.0
3733.0,0.0
3734.0,0.0
3735.0,173371.234375
3737.0,0.0
3738.0,80920.453125
3741.0,14470.990234375
3743.0,4026.228515625
3744.0,0.0
3747.0,5063.6376953125
3749.0,0.0
3750.0,5679.8408203125
3752.0,24760.125
3753.0,0.0
3756.0,2753.49267578125
3757.0,0.0
3758.0,7591.67578125
3760.0,0.0
3761.0,0.0
3762.0,0.0
3765.0,0.0
3767.0,0.0
3770.0,9720.484375
3771.0,1489.635986328125
3772.0,1847.2369384765625
3773.0,0.0
3774.0,0.0
3776.0,0.0
3777.0,0.0
3778.0,0.0
3779.0,1928.618896484375
3781.0,7415.86279296875
3784.0,0.0
3785.0,1307.7901611328125
3787.0,0.0
3789.0,2092.772705078125
3790.0,0.0
3793.0,2041.5045166015625
3797.0,0.0
3801.0,14182.525390625
3802.0,0.0
3805.0,0.0
3807.0,0.0
3809.0,0.0
3810.0,0.0
3812.0,2303.55615234375
3814.0,0.0
3817.0,1852.5146484375
3818.0,0.0
3820.0,4577.0068359375
3827.0,87537.6875
3828.0,67647.0078125
3831.0,0.0
3832.0,0.0
3834.0,0.0
3835.0,0.0
3836.0,0.0
3837.0,26984.25390625
3838.0,0.0
3839.0,12580.5673828125
3840.0,0.0
3841.0,54269.8203125
3845.0,0.0
3847.0,0.0
3848.0,0.0
3849.0,0.0
3850.0,0.0
3856.0,0.0
3862.0,0.0
3865.0,0.0
3866.0,0.0
3867.0,0.0
3869.0,0.0
3870.0,0.0
3872.0,0.0
3873.0,0.0
3874.0,0.0
3876.0,0.0
3878.0,0.0
3879.0,0.0
3886.0,0.0
3888.0,356428.125
3889.0,472823.09375
3890.0,0.0
3892.0,0.0
3893.0,0.0
3897.0,0.0
3898.0,0.0
3902.0,141050.078125
3903.0,0.0
3905.0,0.0
3908.0,0.0
3909.0,0.0
3910.0,0.0
3915.0,4828.87744140625
3916.0,1868.6265869140625
3920.0,1417.88818359375
3921.0,21307.3046875
3923.0,1238.46728515625
3924.0,0.0
3926.0,7617.61376953125
3927.0,0.0
3931.0,0.0
3933.0,0.0
3936.0,87689.25
3938.0,39389.9453125
3939.0,0.0
3940.0,0.0
3941.0,2748.53759765625
3942.0,23707.48828125
3946.0,0.0
3947.0,0.0
3948.0,0.0
3949.0,0.0
3950.0,0.0
3951.0,1241.0836181640625
3952.0,0.0
3955.0,0.0
3960.0,3903.068359375
3962.0,261727.34375
3963.0,0.0
3964.0,0.0
3966.0,17414.380859375
3967.0,0.0
3970.0,0.0
3971.0,28428.435546875
3974.0,111963.5390625
3975.0,0.0
3976.0,0.0
3978.0,0.0
3980.0,0.0
3983.0,212928.375
3987.0,0.0
3989.0,0.0
3990.0,0.0
3991.0,0.0
3993.0,1899.8564453125
3994.0,0.0
3995.0,0.0
3996.0,0.0
3999.0,0.0
4001.0,121817.3359375
4002.0,0.0
4006.0,118493.96875
4007.0,6275.81787109375
4010.0,0.0
4011.0,0.0
4013.0,0.0
4015.0,10571.294921875
4016.0,14242.7509765625
4018.0,332976.0625
4019.0,17552.4453125
4020.0,62053.5703125
4021.0,5750.056640625
4022.0,0.0
4024.0,2332.302001953125
4027.0,3485.63232421875
4030.0,1030.4951171875
4034.0,0.0
4038.0,0.0
4044.0,0.0
4046.0,0.0
4047.0,0.0
4048.0,24551.08203125
4052.0,28157.9296875
4053.0,8441.033203125
4054.0,51705.421875
4055.0,0.0
4056.0,0.0
4057.0,2582.81005859375
4064.0,0.0
4069.0,48127.03125
4070.0,157223.546875
4074.0,0.0
4076.0,0.0
4077.0,7461.5830078125
4078.0,0.0
4079.0,0.0
4080.0,0.0
4081.0,0.0
4082.0,0.0
4083.0,4889.8623046875
4085.0,569690.125
4087.0,0.0
4089.0,0.0
4091.0,0.0
4094.0,38563.89453125
4095.0,0.0
4096.0,0.0
4097.0,0.0
4098.0,0.0
4102.0,0.0
4104.0,0.0
4106.0,0.0
4110.0,46559.9296875
4112.0,2704.02099609375
4114.0,161636.828125
4115.0,2734.59814453125
4118.0,0.0
4119.0,145938.34375
4122.0,1657.7969970703125
4125.0,0.0
4126.0,0.0
4128.0,126129.5
4129.0,2244.06396484375
4130.0,108443.015625
4131.0,1677292.75
4133.0,0.0
4134.0,0.0
4137.0,1935.8525390625
4139.0,0.0
4143.0,4280.83056640625
4145.0,19857.078125
4146.0,0.0
4147.0,0.0
4150.0,60183.88671875
4151.0,0.0
4153.0,14737.296875
4155.0,0.0
4157.0,5918.8740234375
4158.0,0.0
4160.0,0.0
4161.0,0.0
4162.0,0.0
4167.0,0.0
4168.0,4899.28369140625
4173.0,147590.78125
4174.0,1014.1309204101562
4175.0,44352.73046875
4179.0,23186.921875
4181.0,0.0
4184.0,0.0
4185.0,466424.5
4186.0,77848.6796875
4187.0,0.0
4188.0,2999.3408203125
4189.0,0.0
4191.0,22241.76953125
4193.0,8565.8427734375
4194.0,0.0
4196.0,0.0
4198.0,49778.1015625
4203.0,0.0
4209.0,0.0
4212.0,1277.392822265625
4215.0,0.0
4217.0,0.0
4218.0,0.0
4220.0,3234.462890625
4223.0,0.0
4224.0,9191.212890625
4225.0,0.0
4226.0,0.0
4228.0,696637.1875
4230.0,0.0
4232.0,181353.4375
4235.0,0.0
4236.0,0.0
4239.0,0.0
4240.0,35017.09375
4241.0,3425.89208984375
4242.0,7268.6904296875
4243.0,0.0
4245.0,0.0
4246.0,0.0
4247.0,0.0
4250.0,0.0
4251.0,0.0
4253.0,2173.82275390625
4254.0,0.0
4255.0,0.0
4257.0,17733.4296875
4258.0,0.0
4259.0,0.0
4262.0,0.0
4264.0,2683.20068359375
4266.0,3287.034912109375
4267.0,6497.201171875
4275.0,9270.3173828125
4276.0,896885.9375
4278.0,0.0
4281.0,12685.0517578125
4282.0,0.0
4283.0,0.0
4284.0,0.0
4286.0,0.0
4287.0,0.0
4290.0,28086.265625
4291.0,416945.375
4293.0,0.0
4294.0,9710.0791015625
4297.0,0.0
4302.0,0.0
4303.0,2210.28857421875
4305.0,14518.2275390625
4309.0,0.0
4311.0,0.0
4312.0,0.0
4314.0,0.0
4318.0,3920.10546875
4320.0,1409257.25
4321.0,0.0
4322.0,50129.9765625
4325.0,0.0
4326.0,0.0
4331.0,1649.392822265625
4332.0,0.0
4333.0,1525.1412353515625
4334.0,1248.20947265625
4338.0,0.0
4339.0,2476.0712890625
4341.0,0.0
4342.0,0.0
4343.0,9467.3974609375
4345.0,0.0
4350.0,0.0
4351.0,1557.2666015625
4352.0,2135.953857421875
4356.0,7875.009765625
4359.0,3960.700439453125
4362.0,1974.3125
4363.0,0.0
4364.0,0.0
4367.0,12857.6494140625
4369.0,3842.2333984375
4371.0,39842.984375
4374.0,0.0
4375.0,0.0
4377.0,0.0
4381.0,52233.3125
4383.0,5957.90625
4385.0,3280.33740234375
4386.0,0.0
4387.0,0.0
4389.0,6665.22265625
4390.0,38061.9296875
4394.0,0.0
4396.0,4009.56396484375
4397.0,32311.740234375
4399.0,0.0
4404.0,84710.1875
4407.0,0.0
4408.0,0.0
4409.0,4086.34521484375
4410.0,56927.34765625
4412.0,1039.3067626953125
4413.0,2161736.75
4415.0,120811.9453125
4416.0,17567.09765625
4417.0,156075.015625
4420.0,0.0
4422.0,42720.0859375
4423.0,1588.0718994140625
4425.0,0.0
4427.0,0.0
4429.0,3287.8720703125
4431.0,7018.6806640625
4434.0,3959.510498046875
4436.0,43842.265625
4437.0,10359.54296875
4439.0,16202.8115234375
4443.0,1991.1307373046875
4448.0,0.0
4450.0,10668397.0
4451.0,0.0
4455.0,20184.826171875
4457.0,0.0
4459.0,0.0
4460.0,36981.6328125
4461.0,3481.710693359375
4462.0,0.0
4463.0,5800.2998046875
4465.0,20155.06640625
4471.0,63764.05859375
4475.0,0.0
4476.0,3884.8671875
4477.0,0.0
4478.0,0.0
4481.0,0.0
4482.0,0.0
4484.0,0.0
4485.0,49468.921875
4487.0,0.0
4489.0,2104.708251953125
4490.0,0.0
4491.0,0.0
4492.0,0.0
4494.0,1703.291259765625
4495.0,12601.318359375
4496.0,0.0
4497.0,0.0
4498.0,0.0
4505.0,0.0
4506.0,0.0
4507.0,0.0
4508.0,0.0
4509.0,0.0
4512.0,0.0
4516.0,0.0
4517.0,0.0
4520.0,0.0
4521.0,62596.5390625
4522.0,0.0
4523.0,0.0
4524.0,0.0
4525.0,0.0
4526.0,5928.4228515625
4528.0,153245.953125
4530.0,0.0
4531.0,1416.455322265625
4532.0,4578.0068359375
4534.0,876940.5
4535.0,0.0
4538.0,0.0
4539.0,7487.07666015625
4542.0,92565.03125
4545.0,7997.017578125
4548.0,19199.451171875
4553.0,282277.8125
4555.0,0.0
4556.0,0.0
4557.0,0.0
4558.0,0.0
4559.0,20987.876953125
4561.0,92423.1015625
4562.0,15976.396484375
4567.0,0.0
4568.0,1058.23681640625
4571.0,2964.72509765625
4572.0,0.0
4573.0,0.0
4579.0,0.0
4580.0,9618.2001953125
4581.0,0.0
4582.0,4456.95263671875
4583.0,33233.23828125
4584.0,0.0
4586.0,662628.75
4587.0,9039.0830078125
4589.0,0.0
4590.0,0.0
4591.0,119910.4140625
4592.0,0.0
4594.0,0.0
4596.0,0.0
4599.0,75654.3125
4603.0,13042.9658203125
4606.0,0.0
4608.0,0.0
4609.0,28899.9375
4613.0,0.0
4614.0,16379.7822265625
4616.0,165194.34375
4617.0,0.0
4618.0,0.0
4619.0,0.0
4620.0,1575.49658203125
4621.0,169299.671875
4625.0,0.0
4626.0,28826.220703125
4627.0,0.0
4629.0,5739.36572265625
4630.0,0.0
4631.0,0.0
4632.0,5648.8173828125
4633.0,0.0
4635.0,0.0
4636.0,576986.75
4640.0,0.0
4641.0,20733.59765625
4644.0,0.0
4645.0,8226.4951171875
4648.0,63870.9296875
4654.0,479176.9375
4657.0,1434.3001708984375
4661.0,0.0
4662.0,4059.6611328125
4663.0,0.0
4669.0,0.0
4670.0,341025.21875
4673.0,0.0
4674.0,0.0
4675.0,44944.859375
4678.0,210390.28125
4679.0,11453.34765625
4681.0,0.0
4687.0,0.0
4688.0,2792.122802734375
4692.0,0.0
4694.0,0.0
4697.0,231930.53125
4701.0,111816.703125
4703.0,11023.345703125
4704.0,125830.34375
4706.0,654284.625
4707.0,24679.896484375
4708.0,4376.60595703125
4709.0,0.0
4710.0,43066.40625
4711.0,0.0
4712.0,0.0
4713.0,0.0
4714.0,17347.509765625
4715.0,180180.484375
4718.0,0.0
4720.0,0.0
4722.0,256277.140625
4724.0,11512.2578125
4733.0,1803.732177734375
4734.0,26942.337890625
4735.0,0.0
4736.0,0.0
4739.0,154289.78125
4740.0,0.0
4741.0,44813.546875
4742.0,292018.71875
4744.0,129939.8515625
4745.0,0.0
4749.0,76585.84375
4755.0,0.0
4761.0,544128.0
4765.0,0.0
4767.0,0.0
4769.0,1299.671142578125
4770.0,0.0
4771.0,4433.19091796875
4773.0,11425.7333984375
4774.0,5269.640625
4775.0,0.0
4776.0,0.0
4777.0,50330.40625
4778.0,113572.1640625
4779.0,108774.6796875
4780.0,8476.7421875
4782.0,0.0
4784.0,29484.435546875
4785.0,3538.607177734375
4786.0,0.0
4787.0,0.0
4791.0,23033.212890625
4792.0,0.0
4795.0,6769.748046875
4797.0,0.0
4798.0,0.0
4799.0,4069.06298828125
4801.0,13763.185546875
4802.0,0.0
4805.0,27236.03125
4814.0,0.0
4815.0,0.0
4816.0,28659.63671875
4818.0,0.0
4822.0,31714.146484375
4823.0,0.0
4826.0,0.0
4827.0,11169.48828125
4829.0,0.0
4835.0,0.0
4836.0,0.0
4845.0,3004.203369140625
4848.0,0.0
4851.0,5610.15625
4852.0,0.0
4853.0,6481.21337890625
4854.0,4444.31396484375
4855.0,201479.8125
4856.0,1162.826171875
4857.0,0.0
4858.0,2181.06689453125
4860.0,137720.09375
4868.0,0.0
4869.0,0.0
4871.0,0.0
4873.0,0.0
4878.0,0.0
4880.0,0.0
4881.0,34703.58203125
4886.0,24914.283203125
4887.0,0.0
4888.0,203904.203125
4889.0,0.0
4890.0,0.0
4892.0,54600.828125
4893.0,189484.203125
4896.0,0.0
4897.0,0.0
4900.0,217937.53125
4901.0,0.0
4902.0,0.0
4903.0,4311.48388671875
4904.0,0.0
4905.0,1435.838134765625
4907.0,21906.494140625
4908.0,0.0
4910.0,0.0
4912.0,11807.044921875
4914.0,0.0
4915.0,0.0
4918.0,9180.6201171875
4919.0,0.0
4920.0,53911.609375
4921.0,0.0
4922.0,0.0
4923.0,9476.7392578125
4924.0,0.0
4928.0,0.0
4929.0,0.0
4934.0,0.0
4935.0,5738.67041015625
4936.0,6117.9443359375
4937.0,497750.875
4941.0,0.0
4942.0,0.0
4943.0,0.0
4944.0,4283.57568359375
4946.0,0.0
4950.0,0.0
4954.0,0.0
4957.0,0.0
4958.0,40794.19921875
4959.0,0.0
4962.0,0.0
4963.0,2567.970947265625
4964.0,4378.6357421875
4966.0,0.0
4967.0,7925.50341796875
4969.0,119952.734375
4971.0,0.0
4972.0,112328.8828125
4974.0,0.0
4975.0,7493.01318359375
4976.0,0.0
4979.0,2071.267578125
4981.0,0.0
4982.0,0.0
4983.0,0.0
4986.0,0.0
4987.0,0.0
4989.0,0.0
4991.0,6571.78125
4992.0,0.0
4994.0,137927.515625
4995.0,0.0
4997.0,0.0
4999.0,1631.0684814453125
5002.0,0.0
5004.0,0.0
5005.0,939131.875
5006.0,0.0
5007.0,10806.970703125
5008.0,20010.9375
5011.0,0.0
5015.0,0.0
5016.0,5284.06103515625
5019.0,9287.6630859375
5020.0,15233.96875
5021.0,0.0
5022.0,4385.5830078125
5024.0,0.0
5025.0,0.0
5031.0,483551.34375
5033.0,0.0
5035.0,3119.23876953125
5038.0,3703.509521484375
5040.0,41937.0390625
5041.0,0.0
5044.0,6404.361328125
5045.0,0.0
5046.0,0.0
5047.0,0.0
5049.0,0.0
5052.0,1943.8837890625
5053.0,3373.1845703125
5054.0,1095.65771484375
5056.0,0.0
5058.0,0.0
5059.0,40354.04296875
5061.0,19789.828125
5063.0,0.0
5064.0,0.0
5065.0,0.0
5066.0,0.0
5069.0,0.0
5071.0,0.0
5073.0,0.0
5074.0,37402.765625
5075.0,128294.5234375
5076.0,4228.544921875
5077.0,0.0
5079.0,0.0
5080.0,11851.904296875
5083.0,0.0
5087.0,0.0
5088.0,0.0
5093.0,3100.015625
5094.0,0.0
5096.0,1916.979736328125
5097.0,170911.21875
5100.0,52407.0546875
5101.0,11000.1875
5102.0,1542.1710205078125
5103.0,21950.037109375
5104.0,0.0
5105.0,104707.15625
5106.0,60481.41796875
5107.0,2302.22900390625
5109.0,1836154.25
5110.0,0.0
5111.0,0.0
5112.0,0.0
5114.0,0.0
5115.0,0.0
5116.0,2036867.5
5118.0,1859.708740234375
5121.0,0.0
5123.0,2717.453125
5124.0,0.0
5125.0,33311.9375
5126.0,0.0
5127.0,0.0
5131.0,0.0
5134.0,0.0
5135.0,2113.29248046875
5136.0,25646.775390625
5137.0,0.0
5139.0,0.0
5140.0,5623.92578125
5141.0,27633.8359375
5144.0,0.0
5145.0,1564.7379150390625
5146.0,0.0
5155.0,1161483.0
5157.0,0.0
5158.0,42447.13671875
5160.0,0.0
5163.0,73421.4609375
5165.0,0.0
5166.0,83887.7578125
5169.0,32637.150390625
5170.0,0.0
5171.0,114478.4296875
5172.0,19553.5703125
5173.0,0.0
5176.0,0.0
5178.0,0.0
5179.0,2740.06787109375
5180.0,0.0
5181.0,1517.9384765625
5183.0,0.0
5184.0,0.0
5187.0,0.0
5188.0,19176.208984375
5189.0,0.0
5193.0,0.0
5196.0,0.0
5197.0,0.0
5198.0,11457.16015625
5201.0,0.0
5202.0,0.0
5203.0,0.0
5204.0,17434.48828125
5205.0,81213.546875
5206.0,0.0
5207.0,0.0
5208.0,0.0
5209.0,25114.126953125
5210.0,0.0
5212.0,0.0
5216.0,0.0
5217.0,0.0
5218.0,0.0
5220.0,0.0
5221.0,9038.9619140625
5222.0,0.0
5223.0,1087.796142578125
5226.0,0.0
5227.0,3435.369873046875
5228.0,1940.7646484375
5230.0,0.0
5233.0,0.0
5236.0,0.0
5238.0,0.0
5241.0,1187.396240234375
5247.0,0.0
5248.0,0.0
5249.0,0.0
5252.0,0.0
5254.0,0.0
5255.0,0.0
5256.0,2610.3056640625
5257.0,0.0
5260.0,0.0
5267.0,0.0
5268.0,0.0
5269.0,0.0
5272.0,0.0
5274.0,1171.0567626953125
5275.0,1240.673828125
5276.0,0.0
5277.0,14274.8857421875
5281.0,0.0
5284.0,0.0
5290.0,0.0
5294.0,2852.406494140625
5298.0,0.0
5300.0,0.0
5306.0,0.0
5307.0,0.0
5310.0,40489.9296875
5318.0,0.0
5320.0,0.0
5321.0,0.0
5322.0,644836.625
5325.0,0.0
5329.0,0.0
5330.0,0.0
5333.0,0.0
5334.0,3279.727294921875
5337.0,0.0
5341.0,1639.05859375
5343.0,0.0
5347.0,0.0
5349.0,28155.13671875
5350.0,59590.9921875
5353.0,0.0
5354.0,0.0
5357.0,0.0
5358.0,11245.638671875
5361.0,0.0
5362.0,0.0
5363.0,0.0
5364.0,0.0
5369.0,1146.4453125
5372.0,0.0
5374.0,0.0
5375.0,126519.8359375
5376.0,52119.55859375
5377.0,3268.321044921875
5379.0,168352.96875
5380.0,5260.57080078125
5382.0,0.0
5383.0,55469.56640625
5384.0,34598.7578125
5385.0,0.0
5389.0,0.0
5390.0,0.0
5391.0,0.0
5392.0,0.0
5393.0,0.0
5395.0,22384.625
5397.0,0.0
5399.0,0.0
5401.0,0.0
5402.0,0.0
5403.0,0.0
5404.0,109809.2578125
5405.0,0.0
5406.0,4440.75830078125
5407.0,0.0
5408.0,155251.25
5410.0,34684.72265625
5411.0,75299.59375
5413.0,135220.515625
5415.0,23273.79296875
5416.0,0.0
5417.0,0.0
5418.0,0.0
5419.0,610846.875
5424.0,211326.375
5427.0,0.0
5430.0,0.0
5434.0,12909.7001953125
5442.0,0.0
5444.0,91450.40625
5445.0,2657.37646484375
5446.0,0.0
5449.0,0.0
5452.0,0.0
5455.0,0.0
5456.0,0.0
5458.0,1807.1087646484375
5460.0,45870.296875
5461.0,4615.478515625
5462.0,146607.234375
5463.0,3738.261962890625
5464.0,0.0
5467.0,0.0
5470.0,2570.968994140625
5471.0,0.0
5472.0,549578.875
5475.0,0.0
5482.0,1526.533203125
5484.0,0.0
5488.0,222089.796875
5489.0,0.0
5490.0,0.0
5491.0,34788.87890625
5493.0,17345.443359375
5499.0,520200.28125
5501.0,0.0
5503.0,57895.078125
5505.0,44925.0625
5506.0,1250.756103515625
5509.0,0.0
5510.0,0.0
5511.0,3476.95458984375
5513.0,576412.0625
5514.0,4392.72119140625
5517.0,1408.32666015625
5519.0,1905700.125
5520.0,0.0
5526.0,20814.591796875
5531.0,0.0
5534.0,0.0
5536.0,0.0
5537.0,0.0
5538.0,0.0
5540.0,0.0
5541.0,20992.78125
5542.0,0.0
5543.0,31421.513671875
5546.0,23968.43359375
5548.0,0.0
5549.0,39965.22265625
5550.0,0.0
5551.0,117038.765625
5556.0,3490.939697265625
5557.0,3207.61328125
5559.0,45358.7578125
5562.0,207062.109375
5564.0,0.0
5566.0,1556.9329833984375
5567.0,0.0
5568.0,31247.76953125
5570.0,0.0
5574.0,9354.357421875
5579.0,0.0
5580.0,0.0
5581.0,0.0
5582.0,0.0
5583.0,0.0
5585.0,0.0
5586.0,13360.841796875
5591.0,0.0
5592.0,0.0
5593.0,9028.01953125
5594.0,0.0
5596.0,0.0
5597.0,0.0
5599.0,0.0
5600.0,1496674.25
5603.0,0.0
5604.0,0.0
5606.0,0.0
5609.0,0.0
5610.0,0.0
5615.0,0.0
5618.0,0.0
5619.0,0.0
5620.0,1698.1734619140625
5627.0,9876.740234375
5628.0,0.0
5631.0,3206.2119140625
5632.0,0.0
5633.0,0.0
5635.0,1220.3106689453125
5637.0,0.0
5638.0,0.0
5640.0,0.0
5642.0,0.0
5645.0,0.0
5647.0,5426.96435546875
5649.0,0.0
5651.0,0.0
5652.0,2237.319091796875
5659.0,0.0
5660.0,0.0
5662.0,0.0
5663.0,0.0
5666.0,0.0
5667.0,0.0
5671.0,1418.8114013671875
5673.0,0.0
5674.0,0.0
5675.0,0.0
5676.0,0.0
5677.0,0.0
5678.0,0.0
5680.0,0.0
5682.0,9019.6025390625
5686.0,0.0
5687.0,0.0
5689.0,1822.0670166015625
5691.0,0.0
5692.0,9004.4140625
5693.0,0.0
5694.0,1465.075927734375
5698.0,0.0
5699.0,231795.4375
5701.0,0.0
5703.0,0.0
5704.0,0.0
5706.0,4010.642578125
5708.0,0.0
5710.0,0.0
5711.0,0.0
5713.0,0.0
5716.0,0.0
5717.0,0.0
5718.0,4761.3671875
5720.0,0.0
5721.0,0.0
5722.0,1233.476806640625
5726.0,0.0
5727.0,2691.056884765625
5728.0,0.0
5732.0,0.0
5736.0,0.0
5739.0,0.0
5740.0,0.0
5741.0,0.0
5742.0,0.0
5746.0,8910.310546875
5747.0,0.0
5749.0,0.0
5750.0,0.0
5752.0,0.0
5753.0,55744.6953125
5754.0,0.0
5756.0,0.0
5757.0,0.0
5759.0,9412.494140625
5763.0,0.0
5765.0,0.0
5766.0,0.0
5768.0,3186.821044921875
5769.0,0.0
5770.0,0.0
5771.0,0.0
5772.0,2805.33154296875
5773.0,0.0
5774.0,0.0
5775.0,0.0
5777.0,674770.625
5779.0,591489.8125
5783.0,1197.39208984375
5784.0,3480.94677734375
5785.0,29250.515625
5787.0,0.0
5788.0,5313.6640625
5789.0,0.0
5792.0,1327.41845703125
5796.0,0.0
5799.0,0.0
5800.0,0.0
5802.0,0.0
5803.0,3368.486572265625
5806.0,0.0
5810.0,5010.95751953125
5814.0,0.0
5816.0,0.0
5817.0,0.0
5818.0,6587.703125
5819.0,3717.302734375
5820.0,0.0
5823.0,0.0
5824.0,0.0
5827.0,0.0
5829.0,0.0
5830.0,0.0
5831.0,0.0
5833.0,0.0
5834.0,456627.625
5836.0,0.0
5839.0,0.0
5840.0,0.0
5843.0,0.0
5845.0,0.0
5849.0,0.0
5852.0,0.0
5853.0,8136.630859375
5854.0,0.0
5856.0,0.0
5857.0,0.0
5859.0,0.0
5861.0,0.0
5863.0,4144.986328125
5864.0,0.0
5865.0,0.0
5868.0,0.0
5869.0,0.0
5870.0,0.0
5874.0,0.0
5875.0,0.0
5876.0,89386.734375
5879.0,0.0
5880.0,0.0
5882.0,0.0
5883.0,0.0
5885.0,0.0
5886.0,0.0
5887.0,0.0
5888.0,0.0
5891.0,0.0
5893.0,0.0
5894.0,0.0
5895.0,0.0
5898.0,0.0
5899.0,0.0
5900.0,0.0
5901.0,0.0
5903.0,0.0
5905.0,0.0
5906.0,12218.572265625
5910.0,0.0
5911.0,0.0
5912.0,6188.30126953125
5914.0,0.0
5918.0,0.0
5919.0,0.0
5922.0,0.0
5923.0,0.0
5924.0,0.0
5929.0,0.0
5931.0,5996.091796875
5932.0,1656.510498046875
5933.0,0.0
5934.0,0.0
5937.0,0.0
5938.0,0.0
5942.0,0.0
5944.0,18363.896484375
5945.0,0.0
5946.0,0.0
5947.0,0.0
5949.0,476301.15625
5953.0,0.0
5954.0,2177.601806640625
5957.0,0.0
5958.0,0.0
5961.0,3659.404541015625
5962.0,0.0
5963.0,0.0
5965.0,0.0
5966.0,0.0
5967.0,0.0
5970.0,0.0
5971.0,32212.142578125
5972.0,0.0
5979.0,4527.923828125
5980.0,2395.25390625
5981.0,0.0
5984.0,5969.9599609375
5986.0,0.0
5987.0,0.0
5989.0,0.0
5990.0,0.0
5993.0,0.0
5994.0,0.0
5996.0,0.0
5998.0,0.0
6000.0,3087.25146484375
6001.0,0.0
6004.0,207210.46875
6005.0,0.0
6010.0,87198.8984375
6012.0,0.0
6014.0,0.0
6015.0,0.0
6017.0,10071.830078125
6021.0,0.0
6022.0,0.0
6023.0,0.0
6025.0,0.0
6026.0,0.0
6027.0,0.0
6028.0,0.0
6029.0,0.0
6030.0,0.0
6031.0,0.0
6033.0,0.0
6034.0,0.0
6038.0,18402.537109375
6040.0,0.0
6042.0,445846.5625
6047.0,0.0
6048.0,0.0
6049.0,0.0
6053.0,0.0
6057.0,27145.86328125
6060.0,0.0
6063.0,3617.76708984375
6064.0,0.0
6066.0,0.0
6067.0,0.0
6068.0,0.0
6069.0,78484.0390625
6072.0,0.0
6073.0,61242.82421875
6074.0,288204.0
6075.0,0.0
6076.0,1843.255859375
6081.0,0.0
6083.0,0.0
6085.0,0.0
6086.0,0.0
6089.0,0.0
6091.0,0.0
6092.0,0.0
6094.0,0.0
6095.0,7779.458984375
6098.0,4845.0673828125
6099.0,0.0
6100.0,0.0
6101.0,7636.6298828125
6105.0,15040.056640625
6106.0,0.0
6111.0,0.0
6112.0,0.0
6115.0,0.0
6116.0,0.0
6117.0,2404.25537109375
6118.0,0.0
6119.0,0.0
6120.0,0.0
6121.0,0.0
6124.0,0.0
6125.0,1808.9703369140625
6126.0,0.0
6127.0,0.0
6128.0,7177.22265625
6131.0,0.0
6133.0,0.0
6134.0,0.0
6135.0,0.0
6136.0,23463.1171875
6137.0,2325.820068359375
6139.0,1421.5220947265625
6142.0,0.0
6144.0,0.0
6145.0,42644.0078125
6146.0,0.0
6147.0,1077.490234375
6149.0,1045.31787109375
6151.0,0.0
6152.0,0.0
6154.0,0.0
6157.0,0.0
6158.0,0.0
6162.0,0.0
6163.0,0.0
6168.0,0.0
6169.0,3029.90283203125
6171.0,0.0
6172.0,0.0
6173.0,0.0
6180.0,7672.111328125
6182.0,0.0
6183.0,1584.885009765625
6185.0,0.0
6186.0,0.0
6188.0,0.0
6189.0,6117.76318359375
6191.0,0.0
6192.0,0.0
6195.0,0.0
6197.0,0.0
6199.0,0.0
6202.0,0.0
6203.0,0.0
6206.0,0.0
6208.0,0.0
6209.0,0.0
6211.0,0.0
6214.0,0.0
6215.0,0.0
6216.0,0.0
6218.0,0.0
6219.0,0.0
6220.0,0.0
6221.0,0.0
6223.0,0.0
6224.0,2348.424560546875
6226.0,0.0
6228.0,4709.0224609375
6232.0,5683.51513671875
6235.0,0.0
6236.0,0.0
6237.0,3790.310791015625
6238.0,79352.71875
6241.0,0.0
6243.0,27867.103515625
6245.0,0.0
6247.0,0.0
6248.0,0.0
6253.0,0.0
6255.0,0.0
6256.0,0.0
6258.0,0.0
6259.0,0.0
6260.0,0.0
6262.0,0.0
6263.0,0.0
6264.0,20788.642578125
6266.0,0.0
6267.0,0.0
6269.0,15650.6240234375
6270.0,45369.53125
6274.0,0.0
6275.0,6781.85302734375
6276.0,0.0
6277.0,0.0
6280.0,0.0
6282.0,0.0
6284.0,0.0
6288.0,47506.796875
6289.0,7130.4619140625
6290.0,0.0
6291.0,0.0
6292.0,0.0
6295.0,0.0
6296.0,116921.734375
6297.0,0.0
6298.0,0.0
6302.0,0.0
6303.0,4351.794921875
6304.0,0.0
6305.0,0.0
6306.0,0.0
6307.0,0.0
6308.0,0.0
6310.0,0.0
6311.0,0.0
6313.0,0.0
6316.0,0.0
6317.0,0.0
6318.0,1063.9849853515625
6319.0,0.0
6320.0,0.0
6325.0,0.0
6328.0,0.0
6329.0,0.0
6330.0,0.0
6331.0,0.0
6332.0,0.0
6335.0,0.0
6336.0,0.0
6338.0,0.0
6339.0,0.0
6340.0,0.0
6343.0,0.0
6344.0,0.0
6345.0,0.0
6346.0,18632.689453125
6347.0,0.0
6348.0,0.0
6349.0,0.0
6350.0,1278.527099609375
6352.0,0.0
6353.0,0.0
6354.0,0.0
6355.0,18134.591796875
6356.0,0.0
6358.0,0.0
6361.0,0.0
6362.0,2353.0771484375
6363.0,0.0
6366.0,0.0
6368.0,0.0
6369.0,0.0
6373.0,0.0
6375.0,0.0
6377.0,9073.7724609375
6379.0,1673.65625
6380.0,0.0
6381.0,0.0
6382.0,0.0
6384.0,0.0
6388.0,0.0
6391.0,0.0
6392.0,0.0
6393.0,0.0
6395.0,0.0
6396.0,15041.3193359375
6400.0,0.0
6401.0,13734.9267578125
6403.0,27302.50390625
6408.0,15550.787109375
6410.0,70622.6328125
6411.0,279022.96875
6413.0,0.0
6414.0,0.0
6416.0,0.0
6418.0,0.0
6419.0,0.0
6420.0,0.0
6421.0,0.0
6423.0,0.0
6424.0,61724.4609375
6426.0,0.0
6428.0,0.0
6429.0,0.0
6430.0,0.0
6432.0,15391.01953125
6435.0,0.0
6436.0,0.0
6439.0,0.0
6440.0,0.0
6441.0,0.0
6444.0,0.0
6445.0,0.0
6446.0,0.0
6452.0,0.0
6453.0,1233.380859375
6454.0,0.0
6456.0,0.0
6457.0,0.0
6458.0,0.0
6459.0,0.0
6460.0,1339.47900390625
6461.0,1827.010498046875
6463.0,0.0
6466.0,0.0
6468.0,0.0
6470.0,0.0
6472.0,0.0
6474.0,0.0
6476.0,0.0
6478.0,6532.359375
6479.0,0.0
6480.0,0.0
6484.0,0.0
6487.0,0.0
6493.0,0.0
6494.0,0.0
6495.0,0.0
6496.0,109050.546875
6497.0,0.0
6498.0,0.0
6499.0,0.0
6502.0,1174.21923828125
6505.0,0.0
6506.0,0.0
6507.0,0.0
6508.0,0.0
6509.0,0.0
6510.0,15786.685546875
6512.0,0.0
6513.0,0.0
6516.0,1841.4434814453125
6521.0,26826.39453125
6523.0,0.0
6524.0,0.0
6525.0,0.0
6527.0,0.0
6528.0,0.0
6530.0,0.0
6532.0,5640.537109375
6534.0,7490.64794921875
6535.0,0.0
6537.0,0.0
6538.0,0.0
6540.0,0.0
6541.0,8193.12109375
6543.0,0.0
6545.0,0.0
6546.0,38430.109375
6549.0,0.0
6550.0,0.0
6551.0,0.0
6552.0,0.0
6553.0,3560.7392578125
6555.0,0.0
6557.0,2586.28564453125
6561.0,0.0
6569.0,0.0
6571.0,0.0
6580.0,0.0
6581.0,1595.9375
6582.0,0.0
6583.0,0.0
6585.0,0.0
6591.0,0.0
6593.0,0.0
6594.0,1243.762939453125
6596.0,0.0
6599.0,0.0
6600.0,0.0
6602.0,0.0
6612.0,0.0
6614.0,1758.6888427734375
6618.0,0.0
6622.0,0.0
6626.0,0.0
6627.0,3546.51171875
6630.0,0.0
6631.0,0.0
6633.0,27231.615234375
6634.0,0.0
6635.0,14999.3740234375
6637.0,0.0
6638.0,0.0
6640.0,0.0
6641.0,0.0
6642.0,0.0
6643.0,0.0
6645.0,0.0
6646.0,0.0
6648.0,3072.803955078125
6649.0,0.0
6651.0,0.0
6652.0,0.0
6657.0,0.0
6658.0,0.0
6661.0,0.0
6662.0,0.0
6665.0,1579.2288818359375
6666.0,0.0
6667.0,0.0
6676.0,12235.5986328125
6677.0,0.0
6678.0,0.0
6679.0,2858.38720703125
6681.0,0.0
6685.0,0.0
6687.0,0.0
6688.0,38616.44921875
6689.0,7120.83154296875
6690.0,0.0
6693.0,0.0
6694.0,3079.294921875
6695.0,7764.73681640625
6698.0,13583.80859375
6699.0,11021.568359375
6703.0,0.0
6704.0,0.0
6705.0,10261.6181640625
6708.0,12521.958984375
6711.0,6180.95703125
6712.0,0.0
6713.0,0.0
6714.0,0.0
6715.0,0.0
6717.0,0.0
6721.0,4369.439453125
6723.0,0.0
6725.0,0.0
6726.0,0.0
6727.0,0.0
6728.0,0.0
6729.0,1017.139404296875
6730.0,1022.5982666015625
6732.0,1645.341064453125
6734.0,0.0
6736.0,0.0
6738.0,3077.42431640625
6739.0,0.0
6740.0,1486.7537841796875
6741.0,0.0
6743.0,1495.211181640625
6745.0,0.0
6747.0,1637.46240234375
6749.0,0.0
6750.0,0.0
6751.0,0.0
6757.0,0.0
6759.0,0.0
6760.0,0.0
6761.0,0.0
6762.0,0.0
6765.0,0.0
6767.0,4679.83154296875
6771.0,0.0
6773.0,0.0
6774.0,0.0
6775.0,1073.6805419921875
6777.0,11738.306640625
6780.0,0.0
6781.0,1543.9874267578125
6784.0,0.0
6788.0,0.0
6790.0,0.0
6792.0,0.0
6793.0,0.0
6795.0,12261.8603515625
6798.0,3608.605712890625
6799.0,0.0
6800.0,13292.7529296875
6802.0,0.0
6810.0,0.0
6813.0,0.0
6814.0,0.0
6816.0,0.0
6817.0,1583494.875
6821.0,5346.54345703125
6822.0,0.0
6824.0,0.0
6826.0,0.0
6830.0,0.0
6831.0,0.0
6832.0,0.0
6837.0,0.0
6840.0,0.0
6841.0,5813.482421875
6845.0,0.0
6846.0,18531.90234375
6849.0,0.0
6850.0,0.0
6851.0,0.0
6852.0,0.0
6853.0,0.0
6854.0,1579.9222412109375
6856.0,1886.7220458984375
6857.0,0.0
6861.0,0.0
6862.0,25856.2421875
6864.0,0.0
6865.0,71977.453125
6866.0,36817.85546875
6867.0,0.0
6869.0,0.0
6870.0,0.0
6871.0,0.0
6872.0,0.0
6875.0,0.0
6878.0,23221.3359375
6879.0,0.0
6880.0,0.0
6881.0,0.0
6886.0,47058.484375
6887.0,0.0
6888.0,0.0
6890.0,0.0
6891.0,13055.1875
6893.0,107019.046875
6894.0,1617.37255859375
6895.0,3402.71484375
6896.0,0.0
6897.0,4930.58203125
6898.0,3320.359619140625
6901.0,0.0
6902.0,47687.32421875
6903.0,0.0
6906.0,0.0
6907.0,0.0
6909.0,0.0
6911.0,70639.3359375
6915.0,0.0
6918.0,33189.97265625
6920.0,0.0
6922.0,0.0
6924.0,0.0
6925.0,17440.7421875
6926.0,0.0
6928.0,0.0
6929.0,0.0
6930.0,0.0
6932.0,0.0
6933.0,0.0
6934.0,5356.83984375
6935.0,0.0
6936.0,23825.71484375
6939.0,0.0
6940.0,0.0
6942.0,0.0
6946.0,0.0
6949.0,0.0
6953.0,0.0
6955.0,0.0
6958.0,0.0
6959.0,77237.03125
6960.0,0.0
6961.0,0.0
6962.0,0.0
6967.0,0.0
6968.0,0.0
6971.0,0.0
6972.0,3910.693359375
6973.0,0.0
6974.0,87112.2890625
6976.0,1332.770263671875
6980.0,9635.453125
6982.0,0.0
6986.0,8760.5810546875
6988.0,0.0
6989.0,0.0
6992.0,8113.76904296875
6995.0,0.0
6996.0,0.0
6997.0,0.0
6998.0,27099.2265625
7002.0,6671.7548828125
7004.0,0.0
7005.0,0.0
7006.0,0.0
7008.0,95709.2734375
7010.0,15216.732421875
7013.0,0.0
7016.0,0.0
7017.0,61567.95703125
7018.0,28489.09765625
7019.0,0.0
7020.0,0.0
7021.0,0.0
7024.0,0.0
7028.0,4280.5693359375
7029.0,0.0
7032.0,0.0
7033.0,0.0
7034.0,0.0
7038.0,0.0
7039.0,5198.7060546875
7040.0,0.0
7041.0,4856.1533203125
7042.0,0.0
7043.0,0.0
7044.0,1301.7852783203125
7045.0,0.0
7046.0,0.0
7048.0,0.0
7050.0,1748.341552734375
7054.0,0.0
7061.0,0.0
7062.0,0.0
7064.0,0.0
7065.0,0.0
7066.0,0.0
7067.0,0.0
7069.0,27123.66015625
7073.0,0.0
7074.0,0.0
7078.0,0.0
7079.0,0.0
7085.0,0.0
7087.0,0.0
7089.0,0.0
7091.0,0.0
7092.0,8064.7294921875
7093.0,33781.98046875
7094.0,0.0
7095.0,0.0
7096.0,0.0
7097.0,0.0
7100.0,0.0
7102.0,0.0
7105.0,0.0
7106.0,6191.5068359375
7107.0,0.0
7108.0,0.0
7110.0,0.0
7113.0,0.0
7114.0,0.0
7116.0,0.0
7119.0,3694.96630859375
7120.0,3219.49853515625
7122.0,1524.85595703125
7123.0,0.0
7125.0,0.0
7131.0,0.0
7132.0,0.0
7133.0,0.0
7134.0,0.0
7136.0,0.0
7137.0,0.0
7138.0,0.0
7140.0,0.0
7141.0,0.0
7142.0,0.0
7143.0,0.0
7144.0,4891.3642578125
7145.0,0.0
7146.0,10567.6455078125
7148.0,2666.8740234375
7151.0,0.0
7153.0,35223.453125
7156.0,0.0
7157.0,0.0
7160.0,34765.33203125
7163.0,5094.91162109375
7164.0,0.0
7166.0,2750.3095703125
7169.0,0.0
7170.0,0.0
7172.0,0.0
7173.0,0.0
7177.0,1354.637451171875
7180.0,0.0
7181.0,0.0
7182.0,7023.2607421875
7183.0,0.0
7184.0,0.0
7185.0,5216.240234375
7188.0,0.0
7189.0,25059.408203125
7190.0,0.0
7193.0,23130.16015625
7194.0,0.0
7195.0,0.0
7196.0,1073.126708984375
7198.0,0.0
7201.0,0.0
7206.0,0.0
7207.0,2033.6676025390625
7208.0,0.0
7211.0,0.0
7214.0,0.0
7216.0,0.0
7224.0,0.0
7226.0,0.0
7228.0,53306.734375
7229.0,5392.4384765625
7231.0,0.0
7232.0,11865.9404296875
7233.0,0.0
7234.0,0.0
7236.0,0.0
7237.0,0.0
7239.0,0.0
7240.0,266966.09375
7241.0,0.0
7244.0,0.0
7245.0,3473.25146484375
7249.0,0.0
7253.0,0.0
7259.0,3720.44580078125
7262.0,0.0
7264.0,0.0
7267.0,0.0
7268.0,0.0
7269.0,29048.51953125
7270.0,0.0
7272.0,0.0
7273.0,0.0
7275.0,8817.912109375
7277.0,0.0
7278.0,0.0
7279.0,0.0
7281.0,0.0
7283.0,0.0
7284.0,0.0
7287.0,0.0
7288.0,1318.883056640625
7289.0,0.0
7290.0,0.0
7291.0,2536.26953125
7293.0,0.0
7294.0,1860.494140625
7295.0,0.0
7300.0,1213.9097900390625
7302.0,0.0
7304.0,0.0
7305.0,0.0
7306.0,0.0
7307.0,0.0
7308.0,0.0
7309.0,0.0
7311.0,19475.79296875
7312.0,0.0
7315.0,2355.0693359375
7318.0,24166.8203125
7321.0,0.0
7322.0,53624.14453125
7323.0,20201.71484375
7324.0,0.0
7325.0,0.0
7327.0,0.0
7328.0,1203.1109619140625
7333.0,0.0
7334.0,0.0
7336.0,0.0
7338.0,0.0
7341.0,0.0
7344.0,0.0
7349.0,0.0
7354.0,0.0
7357.0,0.0
7359.0,0.0
7361.0,0.0
7362.0,0.0
7364.0,0.0
7366.0,6480.7744140625
7367.0,3799.501953125
7368.0,0.0
7375.0,6707.275390625
7376.0,0.0
7377.0,0.0
7380.0,0.0
7381.0,0.0
7382.0,0.0
7383.0,0.0
7384.0,0.0
7385.0,0.0
7386.0,0.0
7387.0,8122.859375
7389.0,0.0
7391.0,0.0
7393.0,0.0
7395.0,9491.4296875
7399.0,0.0
7401.0,0.0
7403.0,3265.95849609375
7405.0,12340.01953125
7406.0,0.0
7408.0,0.0
7409.0,0.0
7410.0,0.0
7412.0,20827.439453125
7414.0,9875.62890625
7420.0,5826.388671875
7422.0,0.0
7423.0,0.0
7425.0,0.0
7426.0,0.0
7428.0,0.0
7429.0,23373.9140625
7430.0,0.0
7431.0,0.0
7432.0,0.0
7433.0,0.0
7436.0,1863.8995361328125
7437.0,0.0
7438.0,0.0
7440.0,6335.9404296875
7441.0,0.0
7442.0,0.0
7443.0,0.0
7447.0,0.0
7449.0,22171.96484375
7453.0,0.0
7454.0,0.0
7456.0,0.0
7458.0,0.0
7459.0,0.0
7460.0,0.0
7463.0,0.0
7464.0,0.0
7466.0,0.0
7467.0,0.0
7471.0,0.0
7472.0,0.0
7473.0,0.0
7475.0,0.0
7476.0,0.0
7477.0,0.0
7479.0,0.0
7482.0,0.0
7484.0,0.0
7485.0,0.0
7487.0,0.0
7489.0,35920.96875
7490.0,0.0
7497.0,0.0
7498.0,0.0
7499.0,0.0
7500.0,0.0
7506.0,0.0
7507.0,0.0
7509.0,0.0
7510.0,0.0
7512.0,147632.4375
7513.0,0.0
7514.0,0.0
7515.0,0.0
7516.0,4697.17041015625
7517.0,0.0
7518.0,0.0
7519.0,0.0
7521.0,0.0
7522.0,0.0
7524.0,0.0
7527.0,0.0
7529.0,1949.9146728515625
7530.0,9358.765625
7532.0,0.0
7533.0,0.0
7534.0,1826.3463134765625
7535.0,0.0
7536.0,0.0
7537.0,0.0
7540.0,0.0
7541.0,0.0
7542.0,0.0
7543.0,0.0
7545.0,0.0
7546.0,12187.498046875
7547.0,0.0
7549.0,0.0
7551.0,0.0
7554.0,0.0
7555.0,5979.140625
7556.0,0.0
7559.0,0.0
7560.0,33972.1484375
7563.0,0.0
7564.0,0.0
7565.0,0.0
7566.0,0.0
7568.0,81210.3671875
7570.0,0.0
7574.0,0.0
7576.0,42070.5546875
7578.0,0.0
7581.0,0.0
7582.0,0.0
7583.0,2794.4599609375
7586.0,0.0
7587.0,0.0
7588.0,18047.494140625
7589.0,0.0
7590.0,0.0
7591.0,0.0
7593.0,0.0
7594.0,0.0
7595.0,0.0
7597.0,0.0
7598.0,0.0
7602.0,3486.3603515625
7604.0,0.0
7606.0,0.0
7607.0,0.0
7608.0,0.0
7612.0,46244.0078125
7613.0,0.0
7615.0,2865.45458984375
7616.0,0.0
7617.0,0.0
7619.0,0.0
7620.0,25132.83984375
7623.0,0.0
7624.0,14362.4775390625
7625.0,0.0
7628.0,0.0
7629.0,8971.701171875
7631.0,0.0
7635.0,2284.955810546875
7636.0,0.0
7637.0,0.0
7639.0,0.0
7640.0,0.0
7641.0,0.0
7642.0,6257.24072265625
7644.0,0.0
7650.0,0.0
7651.0,0.0
7654.0,0.0
7656.0,1670.8046875
7657.0,0.0
7658.0,0.0
7661.0,0.0
7662.0,0.0
7664.0,4353.09423828125
7666.0,0.0
7667.0,0.0
7668.0,0.0
7669.0,0.0
7670.0,248289.734375
7672.0,0.0
7674.0,0.0
7675.0,0.0
7676.0,121809.8984375
7677.0,0.0
7678.0,0.0
7679.0,78454.25
7682.0,1644.1199951171875
7685.0,0.0
7686.0,0.0
7687.0,0.0
7689.0,0.0
7691.0,0.0
7692.0,0.0
7693.0,0.0
7694.0,48937.97265625
7695.0,0.0
7696.0,0.0
7697.0,0.0
7699.0,0.0
7700.0,0.0
7704.0,0.0
7710.0,0.0
7711.0,0.0
7712.0,0.0
7716.0,0.0
7718.0,0.0
7719.0,19815.23046875
7720.0,0.0
7728.0,42095.6015625
7729.0,0.0
7730.0,0.0
7734.0,4291.45263671875
7735.0,0.0
7741.0,301923.21875
7743.0,0.0
7744.0,0.0
7749.0,0.0
7750.0,0.0
7753.0,0.0
7754.0,2220.409912109375
7755.0,0.0
7756.0,0.0
7758.0,0.0
7759.0,0.0
7760.0,4639.40234375
7761.0,3169.52099609375
7763.0,0.0
7764.0,0.0
7765.0,0.0
7766.0,0.0
7767.0,7911.33447265625
7768.0,2096.970947265625
7770.0,0.0
7772.0,0.0
7776.0,40168.125
7781.0,0.0
7783.0,0.0
7784.0,0.0
7785.0,0.0
7789.0,13596.822265625
7790.0,0.0
7792.0,0.0
7793.0,3196.460693359375
7794.0,0.0
7795.0,0.0
7796.0,0.0
7798.0,0.0
7800.0,0.0
7802.0,0.0
7804.0,0.0
7807.0,0.0
7808.0,0.0
7812.0,0.0
7813.0,0.0
7819.0,11062.86328125
7823.0,0.0
7826.0,0.0
7827.0,0.0
7832.0,0.0
7837.0,8933.439453125
7839.0,0.0
7841.0,0.0
7843.0,0.0
7845.0,0.0
7846.0,0.0
7848.0,0.0
7851.0,71934.359375
7852.0,0.0
7853.0,4403.50341796875
7854.0,0.0
7857.0,0.0
7860.0,2390.125732421875
7865.0,0.0
7866.0,1669.3115234375
7872.0,0.0
7873.0,0.0
7874.0,1261.7991943359375
7875.0,47758.640625
7877.0,0.0
7878.0,0.0
7881.0,0.0
7882.0,3175.134765625
7883.0,0.0
7884.0,0.0
7885.0,0.0
7888.0,0.0
7889.0,0.0
7892.0,0.0
7894.0,1367.796142578125
7896.0,0.0
7897.0,0.0
7898.0,0.0
7901.0,0.0
7902.0,0.0
7904.0,0.0
7908.0,17237.408203125
7909.0,2744.918701171875
7911.0,1114.134033203125
7914.0,0.0
7915.0,0.0
7917.0,0.0
7919.0,0.0
7923.0,0.0
7925.0,1459.6778564453125
7926.0,0.0
7928.0,0.0
7934.0,0.0
7935.0,0.0
7936.0,36260.2734375
7939.0,0.0
7940.0,0.0
7942.0,0.0
7943.0,358774.125
7944.0,0.0
7945.0,0.0
7946.0,0.0
7951.0,18305.61328125
7953.0,0.0
7955.0,0.0
7957.0,0.0
7960.0,0.0
7961.0,0.0
7962.0,0.0
7964.0,5222.35888671875
7966.0,0.0
7968.0,0.0
7971.0,0.0
7972.0,8959.6865234375
7974.0,0.0
7978.0,0.0
7985.0,0.0
7986.0,4250.0380859375
7987.0,0.0
7988.0,0.0
7991.0,24266.89453125
7998.0,0.0
7999.0,0.0
8000.0,1381.73095703125
8001.0,0.0
8002.0,0.0
8003.0,0.0
8004.0,0.0
8006.0,0.0
8007.0,0.0
8010.0,2965.887939453125
8011.0,0.0
8013.0,0.0
8014.0,4738.7353515625
8016.0,0.0
8017.0,1559.48388671875
8019.0,0.0
8020.0,0.0
8022.0,0.0
8024.0,0.0
8027.0,29255.28515625
8028.0,24243.25390625
8029.0,0.0
8030.0,0.0
8031.0,2747.703857421875
8032.0,0.0
8034.0,0.0
8036.0,0.0
8037.0,3306.62548828125
8040.0,0.0
8041.0,0.0
8043.0,0.0
8045.0,0.0
8046.0,2165.2158203125
8047.0,0.0
8049.0,3420.23974609375
8050.0,0.0
8055.0,0.0
8057.0,168601.046875
8058.0,0.0
8059.0,0.0
8061.0,0.0
8062.0,0.0
8063.0,0.0
8065.0,0.0
8069.0,0.0
8070.0,0.0
8073.0,2478.61328125
8074.0,0.0
8076.0,0.0
8078.0,0.0
8079.0,0.0
8080.0,4809.373046875
8081.0,6415.25048828125
8082.0,1793.1201171875
8083.0,0.0
8087.0,0.0
8093.0,2060.52685546875
8094.0,0.0
8097.0,5225.8916015625
8104.0,0.0
8105.0,0.0
8106.0,0.0
8107.0,0.0
8109.0,0.0
8110.0,0.0
8111.0,0.0
8112.0,0.0
8114.0,5179.521484375
8115.0,0.0
8116.0,0.0
8118.0,0.0
8120.0,0.0
8121.0,0.0
8122.0,83444.0390625
8123.0,0.0
8124.0,0.0
8126.0,1512.435302734375
8127.0,0.0
8128.0,0.0
8131.0,0.0
8132.0,0.0
8135.0,1613.7998046875
8136.0,0.0
8137.0,1042.5709228515625
8139.0,0.0
8140.0,26069.98046875
8142.0,0.0
8143.0,0.0
8144.0,9247.6748046875
8145.0,0.0
8146.0,0.0
8148.0,0.0
8149.0,0.0
8153.0,1516.8575439453125
8156.0,0.0
8157.0,4645.13671875
8159.0,0.0
8160.0,0.0
8161.0,0.0
8162.0,0.0
8163.0,0.0
8164.0,0.0
8165.0,0.0
8166.0,0.0
8169.0,0.0
8171.0,0.0
8173.0,0.0
8174.0,0.0
8175.0,0.0
8176.0,4249.421875
8180.0,0.0
8181.0,197279.875
8183.0,0.0
8184.0,12988.890625
8185.0,0.0
8189.0,0.0
8190.0,1625.6268310546875
8191.0,0.0
8192.0,1184.1163330078125
8194.0,0.0
8197.0,5076.90869140625
8198.0,2809.978759765625
8200.0,0.0
8201.0,0.0
8203.0,0.0
8205.0,0.0
8206.0,0.0
8207.0,0.0
8208.0,0.0
8209.0,6741.4736328125
8210.0,0.0
8211.0,0.0
8213.0,0.0
8218.0,0.0
8219.0,18864.67578125
8220.0,0.0
8221.0,0.0
8222.0,0.0
8223.0,0.0
8232.0,0.0
8238.0,0.0
8240.0,0.0
8243.0,0.0
8244.0,0.0
8245.0,0.0
8248.0,14676.169921875
8249.0,0.0
8250.0,4335.51123046875
8251.0,0.0
8253.0,0.0
8255.0,0.0
8256.0,0.0
8257.0,0.0
8259.0,0.0
8261.0,2964.5400390625
8263.0,0.0
8264.0,0.0
8266.0,0.0
8268.0,0.0
8269.0,16573.7265625
8270.0,0.0
8273.0,0.0
8275.0,0.0
8277.0,0.0
8278.0,29987.9765625
8279.0,0.0
8280.0,0.0
8281.0,0.0
8282.0,0.0
8284.0,228790.78125
8285.0,0.0
8286.0,0.0
8287.0,0.0
8296.0,0.0
8299.0,5985.0693359375
8304.0,0.0
8307.0,0.0
8308.0,68126.0390625
8311.0,0.0
8312.0,0.0
8315.0,0.0
8316.0,3467.041259765625
8318.0,1280.892333984375
8319.0,0.0
8320.0,0.0
8321.0,0.0
8322.0,0.0
8323.0,2066.30126953125
8324.0,34657.7421875
8325.0,0.0
8326.0,0.0
8329.0,0.0
8333.0,0.0
8335.0,0.0
8336.0,0.0
8341.0,0.0
8343.0,0.0
8345.0,3226.096435546875
8350.0,1715.4210205078125
8353.0,0.0
8354.0,0.0
8356.0,0.0
8358.0,9417.451171875
8359.0,285947.5625
8360.0,0.0
8361.0,4471.1279296875
8362.0,0.0
8363.0,0.0
8368.0,0.0
8369.0,0.0
8370.0,0.0
8376.0,0.0
8379.0,0.0
8380.0,0.0
8381.0,2658.3095703125
8382.0,0.0
8384.0,0.0
8385.0,0.0
8386.0,1342.118896484375
8389.0,3524.34375
8390.0,0.0
8391.0,0.0
8392.0,0.0
8395.0,0.0
8397.0,1195.2420654296875
8399.0,0.0
8401.0,0.0
8402.0,3274.275390625
8403.0,232905.359375
8404.0,0.0
8405.0,0.0
8406.0,0.0
8410.0,9995.806640625
8413.0,0.0
8417.0,0.0
8418.0,0.0
8420.0,0.0
8422.0,11451.4580078125
8423.0,0.0
8425.0,0.0
8427.0,0.0
8428.0,6037.0146484375
8429.0,41465.84375
8430.0,0.0
8431.0,11355.314453125
8432.0,0.0
8433.0,0.0
8435.0,0.0
8438.0,0.0
8440.0,0.0
8445.0,0.0
8447.0,0.0
8449.0,0.0
8450.0,0.0
8451.0,0.0
8453.0,56847.21875
8455.0,0.0
8459.0,0.0
8460.0,0.0
8462.0,0.0
8463.0,0.0
8464.0,51317.9140625
8465.0,3247.801513671875
8466.0,0.0
8467.0,0.0
8469.0,0.0
8470.0,0.0
8471.0,0.0
8473.0,348773.65625
8474.0,0.0
8477.0,0.0
8478.0,0.0
8481.0,0.0
8482.0,0.0
8483.0,0.0
8485.0,0.0
8486.0,0.0
8487.0,13169.58984375
8491.0,0.0
8495.0,10538.9794921875
8498.0,0.0
8499.0,0.0
8500.0,0.0
8502.0,0.0
8503.0,60460.54296875
8504.0,0.0
8505.0,0.0
8506.0,0.0
8508.0,0.0
8510.0,0.0
8511.0,0.0
8512.0,0.0
8513.0,0.0
8514.0,31384.16796875
8515.0,0.0
8518.0,0.0
8519.0,0.0
8520.0,0.0
8521.0,0.0
8522.0,0.0
8526.0,0.0
8527.0,0.0
8530.0,0.0
8533.0,0.0
8534.0,0.0
8535.0,0.0
8536.0,0.0
8537.0,0.0
8538.0,0.0
8540.0,16569.20703125
8541.0,0.0
8543.0,0.0
8544.0,0.0
8545.0,8493.9482421875
8551.0,0.0
8554.0,132474.90625
8556.0,0.0
8559.0,0.0
8560.0,0.0
8561.0,0.0
8564.0,0.0
8569.0,0.0
8570.0,0.0
8576.0,0.0
8577.0,0.0
8580.0,0.0
8582.0,0.0
8583.0,3410.64453125
8586.0,0.0
8587.0,0.0
8589.0,35742.3125
8591.0,0.0
8592.0,0.0
8593.0,14678.94140625
8594.0,2400.306396484375
8595.0,0.0
8597.0,16629.619140625
8598.0,8724.0595703125
8600.0,0.0
8601.0,21905.533203125
8603.0,0.0
8604.0,1010.8341064453125
8606.0,0.0
8608.0,0.0
8609.0,0.0
8610.0,0.0
8611.0,0.0
8617.0,0.0
8620.0,0.0
8626.0,0.0
8627.0,1199.57470703125
8629.0,0.0
8630.0,16526.720703125
8631.0,0.0
8633.0,0.0
8635.0,4695.6201171875
8637.0,0.0
8638.0,0.0
8641.0,0.0
8644.0,0.0
8645.0,0.0
8648.0,0.0
8652.0,0.0
8653.0,0.0
8654.0,0.0
8655.0,0.0
8657.0,0.0
8659.0,1543.6611328125
8661.0,1849.445068359375
8662.0,0.0
8667.0,2953.7109375
8669.0,0.0
8671.0,0.0
8672.0,0.0
8675.0,0.0
8676.0,2666.30517578125
8681.0,0.0
8684.0,0.0
8685.0,0.0
8686.0,0.0
8687.0,11050.345703125
8690.0,133552.640625
8695.0,0.0
8696.0,0.0
8699.0,6255.48046875
8700.0,0.0
8702.0,0.0
8705.0,0.0
8708.0,0.0
8709.0,1451.135986328125
8714.0,10384.8984375
8718.0,0.0
8720.0,0.0
8721.0,79971.28125
8724.0,1334.798828125
8725.0,0.0
8728.0,0.0
8730.0,0.0
8731.0,1377.65771484375
8734.0,3059.1708984375
8737.0,0.0
8739.0,0.0
8741.0,0.0
8742.0,0.0
8745.0,0.0
8748.0,0.0
8749.0,0.0
8750.0,0.0
8751.0,3029.70654296875
8753.0,0.0
8755.0,7752.1865234375
8756.0,0.0
8759.0,0.0
8763.0,0.0
8765.0,1169.9139404296875
8767.0,0.0
8772.0,15394.322265625
8775.0,4346.99462890625
8777.0,0.0
8779.0,0.0
8783.0,0.0
8788.0,0.0
8789.0,0.0
8799.0,0.0
8802.0,0.0
8803.0,9167.35546875
8806.0,0.0
8807.0,1585.140625
8808.0,0.0
8811.0,0.0
8812.0,0.0
8813.0,0.0
8814.0,0.0
8817.0,0.0
8819.0,0.0
8822.0,0.0
8823.0,0.0
8824.0,0.0
8828.0,0.0
8829.0,54711.8515625
8832.0,0.0
8833.0,0.0
8834.0,2434.246826171875
8838.0,0.0
8840.0,0.0
8844.0,0.0
8847.0,16079.748046875
8849.0,40183.3359375
8851.0,0.0
8853.0,0.0
8855.0,0.0
8856.0,67565.4453125
8857.0,2156.495849609375
8858.0,0.0
8859.0,0.0
8860.0,0.0
8864.0,0.0
8865.0,0.0
8867.0,0.0
8868.0,2894.04541015625
8870.0,0.0
8871.0,0.0
8872.0,0.0
8873.0,0.0
8874.0,53883.1328125
8875.0,0.0
8877.0,0.0
8879.0,0.0
8880.0,1527.847900390625
8881.0,0.0
8882.0,1095.0345458984375
8883.0,0.0
8884.0,0.0
8885.0,5438.1103515625
8891.0,0.0
8893.0,0.0
8894.0,1433.12890625
8896.0,0.0
8899.0,294363.25
8901.0,0.0
8905.0,0.0
8907.0,0.0
8914.0,0.0
8915.0,0.0
8916.0,0.0
8918.0,1572.376953125
8920.0,0.0
8921.0,166668.078125
8925.0,0.0
8930.0,0.0
8933.0,0.0
8934.0,0.0
8935.0,0.0
8938.0,0.0
8939.0,2197.25439453125
8941.0,0.0
8945.0,58299.43359375
8949.0,0.0
8950.0,0.0
8951.0,0.0
8953.0,0.0
8954.0,0.0
8955.0,0.0
8961.0,0.0
8962.0,1572.80322265625
8966.0,0.0
8968.0,1015.2332153320312
8969.0,0.0
8970.0,0.0
8973.0,0.0
8975.0,0.0
8978.0,0.0
8979.0,0.0
8980.0,0.0
8981.0,0.0
8984.0,0.0
8985.0,0.0
8990.0,0.0
8991.0,16870.9375
8993.0,0.0
8995.0,0.0
8997.0,16571.5625
8999.0,11120.125
9002.0,0.0
9004.0,0.0
9006.0,0.0
9010.0,0.0
9013.0,0.0
9018.0,251561.5
9020.0,0.0
9023.0,0.0
9026.0,0.0
9027.0,0.0
9030.0,6420.6435546875
9031.0,68331.5234375
9032.0,0.0
9034.0,0.0
9037.0,10869.6865234375
9042.0,0.0
9044.0,51119.98828125
9045.0,0.0
9047.0,0.0
9048.0,0.0
9049.0,18014.8359375
9053.0,0.0
9054.0,0.0
9058.0,0.0
9063.0,0.0
9067.0,0.0
9068.0,0.0
9071.0,0.0
9072.0,0.0
9075.0,0.0
9076.0,0.0
9079.0,0.0
9081.0,0.0
9082.0,1746.676513671875
9083.0,0.0
9084.0,0.0
9085.0,1661.919189453125
9086.0,0.0
9088.0,0.0
9089.0,22022.189453125
9091.0,0.0
9092.0,0.0
9093.0,0.0
9094.0,0.0
9096.0,1251923.625
9097.0,0.0
9098.0,0.0
9099.0,0.0
9103.0,0.0
9104.0,0.0
9105.0,1569.545166015625
9109.0,3830.3984375
9110.0,195418.59375
9111.0,0.0
9112.0,1192.2852783203125
9113.0,1242.357666015625
9117.0,71119.0
9122.0,0.0
9126.0,0.0
9127.0,1083.8326416015625
9128.0,0.0
9131.0,21801.44921875
9132.0,0.0
9133.0,0.0
9141.0,17203.083984375
9145.0,0.0
9146.0,7585.9794921875
9148.0,12452.7509765625
9151.0,0.0
9152.0,6574.5712890625
9154.0,0.0
9155.0,0.0
9157.0,0.0
9159.0,0.0
9160.0,2401.926025390625
9161.0,1877.23779296875
9163.0,0.0
9164.0,35441.33203125
9165.0,0.0
9167.0,0.0
9175.0,0.0
9176.0,0.0
9177.0,0.0
9179.0,0.0
9180.0,0.0
9181.0,1556.1197509765625
9183.0,19174.10546875
9184.0,2526.905517578125
9185.0,111639.828125
9186.0,0.0
9187.0,6002.2431640625
9193.0,4489.56494140625
9195.0,1385.0885009765625
9199.0,0.0
9200.0,0.0
9201.0,0.0
9202.0,0.0
9204.0,0.0
9206.0,9471.642578125
9208.0,0.0
9217.0,0.0
9219.0,7378.4052734375
9220.0,1244.502197265625
9221.0,17424.1328125
9222.0,0.0
9227.0,0.0
9228.0,0.0
9231.0,0.0
9235.0,8114.58154296875
9238.0,0.0
9239.0,0.0
9240.0,0.0
9243.0,0.0
9245.0,0.0
9248.0,0.0
9250.0,0.0
9252.0,0.0
9255.0,0.0
9256.0,0.0
9257.0,0.0
9259.0,0.0
9261.0,0.0
9263.0,0.0
9265.0,0.0
9267.0,3025.1083984375
9268.0,0.0
9270.0,0.0
9271.0,0.0
9272.0,1648.844482421875
9274.0,2923.091552734375
9275.0,202932.46875
9276.0,0.0
9277.0,0.0
9278.0,17005.146484375
9281.0,0.0
9282.0,0.0
9283.0,0.0
9285.0,2478.9833984375
9287.0,0.0
9288.0,0.0
9290.0,0.0
9291.0,0.0
9292.0,0.0
9293.0,0.0
9294.0,0.0
9295.0,33376.42578125
9296.0,0.0
9297.0,4580.6142578125
9298.0,0.0
9302.0,0.0
9304.0,0.0
9306.0,0.0
9308.0,0.0
9316.0,9784.974609375
9317.0,0.0
9318.0,58020.05078125
9319.0,1015.0723876953125
9320.0,0.0
9321.0,0.0
9322.0,0.0
9323.0,0.0
9326.0,0.0
9334.0,0.0
9336.0,0.0
9341.0,2140.082763671875
9342.0,3872.52392578125
9343.0,0.0
9344.0,19377.4296875
9348.0,5333.85498046875
9351.0,0.0
9352.0,0.0
9354.0,0.0
9355.0,0.0
9356.0,0.0
9357.0,9552.5498046875
9362.0,0.0
9366.0,0.0
9370.0,0.0
9372.0,0.0
9373.0,0.0
9376.0,0.0
9377.0,0.0
9380.0,0.0
9381.0,0.0
9386.0,0.0
9389.0,0.0
9390.0,44957.6796875
9391.0,0.0
9392.0,0.0
9393.0,0.0
9394.0,132044.40625
9398.0,0.0
9401.0,0.0
9404.0,2057.203125
9405.0,1389.260009765625
9406.0,0.0
9407.0,0.0
9410.0,0.0
9411.0,0.0
9413.0,0.0
9414.0,0.0
9415.0,0.0
9419.0,0.0
9423.0,0.0
9424.0,43102.8125
9428.0,0.0
9436.0,2821.6279296875
9437.0,0.0
9438.0,6161.30859375
9439.0,0.0
9441.0,0.0
9442.0,0.0
9443.0,0.0
9447.0,1859.854248046875
9448.0,0.0
9450.0,0.0
9452.0,0.0
9453.0,0.0
9455.0,0.0
9457.0,0.0
9459.0,0.0
9460.0,0.0
9462.0,0.0
9463.0,0.0
9464.0,12091.0078125
9465.0,0.0
9466.0,0.0
9468.0,0.0
9471.0,0.0
9478.0,0.0
9479.0,0.0
9480.0,0.0
9486.0,0.0
9488.0,0.0
9490.0,0.0
9491.0,0.0
9492.0,0.0
9494.0,0.0
9495.0,7183.85888671875
9497.0,0.0
9499.0,1775.278076171875
9500.0,0.0
9505.0,0.0
9511.0,1512.470703125
9512.0,1100.26806640625
9513.0,14051.81640625
9514.0,0.0
9517.0,7655.16796875
9518.0,0.0
9520.0,0.0
9525.0,14828.3193359375
9526.0,0.0
9527.0,0.0
9528.0,0.0
9529.0,0.0
9535.0,0.0
9537.0,0.0
9538.0,194405.53125
9540.0,90489.0625
9542.0,20072.8671875
9544.0,0.0
9547.0,0.0
9549.0,3707.4931640625
9550.0,0.0
9553.0,0.0
9555.0,0.0
9556.0,1722.594970703125
9558.0,0.0
9559.0,0.0
9563.0,3618.72314453125
9566.0,0.0
9569.0,15427.259765625
9570.0,0.0
9571.0,0.0
9573.0,0.0
9575.0,0.0
9576.0,21172.314453125
9577.0,0.0
9578.0,10666.6796875
9579.0,0.0
9580.0,0.0
9581.0,0.0
9583.0,0.0
9585.0,1891.2154541015625
9586.0,0.0
9588.0,0.0
9589.0,0.0
9590.0,0.0
9592.0,0.0
9594.0,0.0
9595.0,4563.7099609375
9596.0,0.0
9597.0,83017.234375
9599.0,0.0
9604.0,1306.5811767578125
9605.0,0.0
9610.0,11291.91796875
9612.0,1454.7452392578125
9613.0,0.0
9615.0,0.0
9617.0,0.0
9618.0,0.0
9621.0,0.0
9622.0,0.0
9624.0,8809.14453125
9625.0,16001.6640625
9626.0,0.0
9628.0,7182.7490234375
9629.0,0.0
9631.0,0.0
9635.0,0.0
9640.0,35794.265625
9641.0,0.0
9644.0,0.0
9646.0,0.0
9649.0,6106.41796875
9650.0,0.0
9652.0,94279.265625
9653.0,0.0
9654.0,0.0
9655.0,0.0
9659.0,21011.810546875
9660.0,1498.1142578125
9661.0,0.0
9662.0,0.0
9664.0,0.0
9665.0,0.0
9666.0,0.0
9668.0,0.0
9669.0,0.0
9671.0,4053.57421875
9672.0,0.0
9677.0,13341.8046875
9681.0,0.0
9682.0,0.0
9683.0,0.0
9686.0,0.0
9688.0,0.0
9695.0,0.0
9696.0,0.0
9697.0,0.0
9699.0,0.0
9700.0,0.0
9703.0,0.0
9707.0,0.0
9709.0,0.0
9711.0,0.0
9713.0,0.0
9714.0,0.0
9717.0,0.0
9720.0,0.0
9721.0,0.0
9723.0,8092.3916015625
9727.0,0.0
9729.0,0.0
9730.0,0.0
9732.0,0.0
9733.0,0.0
9736.0,0.0
9738.0,5468.25830078125
9739.0,0.0
9740.0,0.0
9744.0,0.0
9745.0,0.0
9746.0,0.0
9748.0,0.0
9750.0,0.0
9753.0,0.0
9754.0,0.0
9755.0,0.0
9757.0,0.0
9758.0,0.0
9760.0,0.0
9761.0,6793.06591796875
9763.0,15503.3984375
9765.0,0.0
9767.0,1484.055419921875
9768.0,19412.888671875
9769.0,0.0
9770.0,0.0
9771.0,3613.807373046875
9773.0,0.0
9774.0,0.0
9777.0,0.0
9778.0,0.0
9781.0,0.0
9782.0,162130.09375
9784.0,0.0
9788.0,1066.3968505859375
9791.0,0.0
9793.0,0.0
9795.0,0.0
9798.0,0.0
9800.0,0.0
9802.0,0.0
9806.0,82938.890625
9808.0,0.0
9809.0,1984.7176513671875
9811.0,0.0
9812.0,0.0
9814.0,0.0
9817.0,0.0
9819.0,0.0
9821.0,348578.4375
9822.0,0.0
9823.0,0.0
9824.0,0.0
9825.0,0.0
9826.0,18437.796875
9827.0,0.0
9828.0,0.0
9829.0,0.0
9833.0,0.0
9835.0,0.0
9836.0,0.0
9837.0,67523.125
9839.0,0.0
9840.0,0.0
9844.0,0.0
9845.0,4785.97412109375
9846.0,0.0
9847.0,0.0
9848.0,1495.52099609375
9849.0,0.0
9851.0,1187.9334716796875
9854.0,0.0
9857.0,0.0
9858.0,0.0
9860.0,2333.426025390625
9861.0,17562.458984375
9862.0,0.0
9867.0,19113.34375
9871.0,2244.148681640625
9874.0,0.0
9875.0,2286.373291015625
9877.0,5879.1552734375
9879.0,0.0
9882.0,0.0
9884.0,1004.7572631835938
9885.0,0.0
9889.0,0.0
9891.0,0.0
9897.0,0.0
9898.0,13062.6103515625
9899.0,0.0
9901.0,0.0
9911.0,0.0
9912.0,0.0
9914.0,153767.5625
9915.0,0.0
9916.0,25062.30078125
9918.0,34878.640625
9922.0,0.0
9928.0,0.0
9935.0,0.0
9936.0,0.0
9938.0,0.0
9940.0,11251.75390625
9941.0,0.0
9942.0,33592.26953125
9948.0,0.0
9949.0,5361.0361328125
9951.0,0.0
9953.0,0.0
9954.0,0.0
9956.0,0.0
9958.0,8945.248046875
9961.0,0.0
9963.0,0.0
9965.0,0.0
9967.0,151204.40625
9970.0,0.0
9971.0,24360.71484375
9972.0,0.0
9974.0,0.0
9976.0,4440.775390625
9981.0,0.0
9982.0,2142.150146484375
9983.0,0.0
9990.0,0.0
9993.0,0.0
9994.0,0.0
9996.0,0.0
9997.0,0.0
9999.0,0.0
10000.0,17304.31640625
10002.0,0.0
10003.0,0.0
10006.0,0.0
10008.0,0.0
10010.0,0.0
10011.0,0.0
10014.0,1637.442138671875
10015.0,0.0
10017.0,0.0
10019.0,0.0
10021.0,0.0
10023.0,0.0
10024.0,0.0
10025.0,35865.8203125
10026.0,0.0
10027.0,2790.68359375
10029.0,0.0
10031.0,0.0
10033.0,0.0
10034.0,0.0
10036.0,1835.4632568359375
10040.0,0.0
10042.0,1486.224609375
10043.0,1562.871826171875
10044.0,0.0
10047.0,0.0
10049.0,0.0
10050.0,0.0
10051.0,0.0
10055.0,0.0
10059.0,3176.3134765625
10061.0,0.0
10065.0,0.0
10066.0,1344.6048583984375
10067.0,0.0
10068.0,0.0
10071.0,0.0
10072.0,0.0
10073.0,8506.65234375
10074.0,0.0
10075.0,0.0
10076.0,2574.20751953125
10083.0,0.0
10089.0,0.0
10090.0,0.0
10091.0,0.0
10092.0,67704.125
10094.0,0.0
10097.0,0.0
10098.0,2692.8583984375
10101.0,0.0
10102.0,0.0
10105.0,0.0
10106.0,0.0
10108.0,0.0
10115.0,78545.8828125
10116.0,0.0
10118.0,0.0
10119.0,0.0
10120.0,0.0
10125.0,0.0
10126.0,0.0
10127.0,0.0
10128.0,1838.6334228515625
10132.0,0.0
10134.0,0.0
10135.0,0.0
10139.0,0.0
10140.0,0.0
10141.0,0.0
10143.0,0.0
10145.0,0.0
10146.0,0.0
10147.0,0.0
10153.0,0.0
10156.0,0.0
10157.0,0.0
10160.0,0.0
10165.0,0.0
10172.0,0.0
10173.0,0.0
10174.0,0.0
10178.0,32797.3125
10179.0,0.0
10182.0,0.0
10183.0,7734.8447265625
10187.0,1179.9813232421875
10189.0,0.0
10191.0,0.0
10194.0,0.0
10195.0,0.0
10196.0,0.0
10197.0,16709.587890625
10198.0,1383.31494140625
10199.0,0.0
10200.0,0.0
10201.0,0.0
10204.0,52818.34765625
10205.0,0.0
10208.0,0.0
10209.0,1670.409423828125
10211.0,0.0
10216.0,197462.265625
